--
-- PostgreSQL database dump
--

-- Dumped from database version 14.15 (Homebrew)
-- Dumped by pg_dump version 14.15 (Homebrew)

SET statement_timeout = 0;
SET lock_timeout = 0;
SET idle_in_transaction_session_timeout = 0;
SET client_encoding = 'UTF8';
SET standard_conforming_strings = on;
SELECT pg_catalog.set_config('search_path', '', false);
SET check_function_bodies = false;
SET xmloption = content;
SET client_min_messages = warning;
SET row_security = off;

SET default_tablespace = '';

SET default_table_access_method = heap;

--
-- Name: auth_group; Type: TABLE; Schema: public; Owner: felicialammerting
--

CREATE TABLE public.auth_group (
    id integer NOT NULL,
    name character varying(150) NOT NULL
);


ALTER TABLE public.auth_group OWNER TO felicialammerting;

--
-- Name: auth_group_id_seq; Type: SEQUENCE; Schema: public; Owner: felicialammerting
--

ALTER TABLE public.auth_group ALTER COLUMN id ADD GENERATED BY DEFAULT AS IDENTITY (
    SEQUENCE NAME public.auth_group_id_seq
    START WITH 1
    INCREMENT BY 1
    NO MINVALUE
    NO MAXVALUE
    CACHE 1
);


--
-- Name: auth_group_permissions; Type: TABLE; Schema: public; Owner: felicialammerting
--

CREATE TABLE public.auth_group_permissions (
    id bigint NOT NULL,
    group_id integer NOT NULL,
    permission_id integer NOT NULL
);


ALTER TABLE public.auth_group_permissions OWNER TO felicialammerting;

--
-- Name: auth_group_permissions_id_seq; Type: SEQUENCE; Schema: public; Owner: felicialammerting
--

ALTER TABLE public.auth_group_permissions ALTER COLUMN id ADD GENERATED BY DEFAULT AS IDENTITY (
    SEQUENCE NAME public.auth_group_permissions_id_seq
    START WITH 1
    INCREMENT BY 1
    NO MINVALUE
    NO MAXVALUE
    CACHE 1
);


--
-- Name: auth_permission; Type: TABLE; Schema: public; Owner: felicialammerting
--

CREATE TABLE public.auth_permission (
    id integer NOT NULL,
    name character varying(255) NOT NULL,
    content_type_id integer NOT NULL,
    codename character varying(100) NOT NULL
);


ALTER TABLE public.auth_permission OWNER TO felicialammerting;

--
-- Name: auth_permission_id_seq; Type: SEQUENCE; Schema: public; Owner: felicialammerting
--

ALTER TABLE public.auth_permission ALTER COLUMN id ADD GENERATED BY DEFAULT AS IDENTITY (
    SEQUENCE NAME public.auth_permission_id_seq
    START WITH 1
    INCREMENT BY 1
    NO MINVALUE
    NO MAXVALUE
    CACHE 1
);


--
-- Name: auth_user; Type: TABLE; Schema: public; Owner: felicialammerting
--

CREATE TABLE public.auth_user (
    id integer NOT NULL,
    password character varying(128) NOT NULL,
    last_login timestamp with time zone,
    is_superuser boolean NOT NULL,
    username character varying(150) NOT NULL,
    first_name character varying(150) NOT NULL,
    last_name character varying(150) NOT NULL,
    email character varying(254) NOT NULL,
    is_staff boolean NOT NULL,
    is_active boolean NOT NULL,
    date_joined timestamp with time zone NOT NULL
);


ALTER TABLE public.auth_user OWNER TO felicialammerting;

--
-- Name: auth_user_groups; Type: TABLE; Schema: public; Owner: felicialammerting
--

CREATE TABLE public.auth_user_groups (
    id bigint NOT NULL,
    user_id integer NOT NULL,
    group_id integer NOT NULL
);


ALTER TABLE public.auth_user_groups OWNER TO felicialammerting;

--
-- Name: auth_user_groups_id_seq; Type: SEQUENCE; Schema: public; Owner: felicialammerting
--

ALTER TABLE public.auth_user_groups ALTER COLUMN id ADD GENERATED BY DEFAULT AS IDENTITY (
    SEQUENCE NAME public.auth_user_groups_id_seq
    START WITH 1
    INCREMENT BY 1
    NO MINVALUE
    NO MAXVALUE
    CACHE 1
);


--
-- Name: auth_user_id_seq; Type: SEQUENCE; Schema: public; Owner: felicialammerting
--

ALTER TABLE public.auth_user ALTER COLUMN id ADD GENERATED BY DEFAULT AS IDENTITY (
    SEQUENCE NAME public.auth_user_id_seq
    START WITH 1
    INCREMENT BY 1
    NO MINVALUE
    NO MAXVALUE
    CACHE 1
);


--
-- Name: auth_user_user_permissions; Type: TABLE; Schema: public; Owner: felicialammerting
--

CREATE TABLE public.auth_user_user_permissions (
    id bigint NOT NULL,
    user_id integer NOT NULL,
    permission_id integer NOT NULL
);


ALTER TABLE public.auth_user_user_permissions OWNER TO felicialammerting;

--
-- Name: auth_user_user_permissions_id_seq; Type: SEQUENCE; Schema: public; Owner: felicialammerting
--

ALTER TABLE public.auth_user_user_permissions ALTER COLUMN id ADD GENERATED BY DEFAULT AS IDENTITY (
    SEQUENCE NAME public.auth_user_user_permissions_id_seq
    START WITH 1
    INCREMENT BY 1
    NO MINVALUE
    NO MAXVALUE
    CACHE 1
);


--
-- Name: authtoken_token; Type: TABLE; Schema: public; Owner: felicialammerting
--

CREATE TABLE public.authtoken_token (
    key character varying(40) NOT NULL,
    created timestamp with time zone NOT NULL,
    user_id integer NOT NULL
);


ALTER TABLE public.authtoken_token OWNER TO felicialammerting;

--
-- Name: django_admin_log; Type: TABLE; Schema: public; Owner: felicialammerting
--

CREATE TABLE public.django_admin_log (
    id integer NOT NULL,
    action_time timestamp with time zone NOT NULL,
    object_id text,
    object_repr character varying(200) NOT NULL,
    action_flag smallint NOT NULL,
    change_message text NOT NULL,
    content_type_id integer,
    user_id integer NOT NULL,
    CONSTRAINT django_admin_log_action_flag_check CHECK ((action_flag >= 0))
);


ALTER TABLE public.django_admin_log OWNER TO felicialammerting;

--
-- Name: django_admin_log_id_seq; Type: SEQUENCE; Schema: public; Owner: felicialammerting
--

ALTER TABLE public.django_admin_log ALTER COLUMN id ADD GENERATED BY DEFAULT AS IDENTITY (
    SEQUENCE NAME public.django_admin_log_id_seq
    START WITH 1
    INCREMENT BY 1
    NO MINVALUE
    NO MAXVALUE
    CACHE 1
);


--
-- Name: django_content_type; Type: TABLE; Schema: public; Owner: felicialammerting
--

CREATE TABLE public.django_content_type (
    id integer NOT NULL,
    app_label character varying(100) NOT NULL,
    model character varying(100) NOT NULL
);


ALTER TABLE public.django_content_type OWNER TO felicialammerting;

--
-- Name: django_content_type_id_seq; Type: SEQUENCE; Schema: public; Owner: felicialammerting
--

ALTER TABLE public.django_content_type ALTER COLUMN id ADD GENERATED BY DEFAULT AS IDENTITY (
    SEQUENCE NAME public.django_content_type_id_seq
    START WITH 1
    INCREMENT BY 1
    NO MINVALUE
    NO MAXVALUE
    CACHE 1
);


--
-- Name: django_migrations; Type: TABLE; Schema: public; Owner: felicialammerting
--

CREATE TABLE public.django_migrations (
    id bigint NOT NULL,
    app character varying(255) NOT NULL,
    name character varying(255) NOT NULL,
    applied timestamp with time zone NOT NULL
);


ALTER TABLE public.django_migrations OWNER TO felicialammerting;

--
-- Name: django_migrations_id_seq; Type: SEQUENCE; Schema: public; Owner: felicialammerting
--

ALTER TABLE public.django_migrations ALTER COLUMN id ADD GENERATED BY DEFAULT AS IDENTITY (
    SEQUENCE NAME public.django_migrations_id_seq
    START WITH 1
    INCREMENT BY 1
    NO MINVALUE
    NO MAXVALUE
    CACHE 1
);


--
-- Name: django_session; Type: TABLE; Schema: public; Owner: felicialammerting
--

CREATE TABLE public.django_session (
    session_key character varying(40) NOT NULL,
    session_data text NOT NULL,
    expire_date timestamp with time zone NOT NULL
);


ALTER TABLE public.django_session OWNER TO felicialammerting;

--
-- Name: main_announcement; Type: TABLE; Schema: public; Owner: felicialammerting
--

CREATE TABLE public.main_announcement (
    id bigint NOT NULL,
    content text NOT NULL,
    created_at timestamp with time zone NOT NULL,
    community_id bigint NOT NULL,
    created_by_id integer NOT NULL
);


ALTER TABLE public.main_announcement OWNER TO felicialammerting;

--
-- Name: main_announcement_id_seq; Type: SEQUENCE; Schema: public; Owner: felicialammerting
--

ALTER TABLE public.main_announcement ALTER COLUMN id ADD GENERATED BY DEFAULT AS IDENTITY (
    SEQUENCE NAME public.main_announcement_id_seq
    START WITH 1
    INCREMENT BY 1
    NO MINVALUE
    NO MAXVALUE
    CACHE 1
);


--
-- Name: main_answer; Type: TABLE; Schema: public; Owner: felicialammerting
--

CREATE TABLE public.main_answer (
    id bigint NOT NULL,
    content text NOT NULL,
    created_at timestamp with time zone NOT NULL,
    votes integer NOT NULL,
    created_by_id integer NOT NULL,
    question_id bigint NOT NULL
);


ALTER TABLE public.main_answer OWNER TO felicialammerting;

--
-- Name: main_answer_id_seq; Type: SEQUENCE; Schema: public; Owner: felicialammerting
--

ALTER TABLE public.main_answer ALTER COLUMN id ADD GENERATED BY DEFAULT AS IDENTITY (
    SEQUENCE NAME public.main_answer_id_seq
    START WITH 1
    INCREMENT BY 1
    NO MINVALUE
    NO MAXVALUE
    CACHE 1
);


--
-- Name: main_answervote; Type: TABLE; Schema: public; Owner: felicialammerting
--

CREATE TABLE public.main_answervote (
    id bigint NOT NULL,
    vote_type character varying(4) NOT NULL,
    created_at timestamp with time zone NOT NULL,
    answer_id bigint NOT NULL,
    user_id integer NOT NULL
);


ALTER TABLE public.main_answervote OWNER TO felicialammerting;

--
-- Name: main_answervote_id_seq; Type: SEQUENCE; Schema: public; Owner: felicialammerting
--

ALTER TABLE public.main_answervote ALTER COLUMN id ADD GENERATED BY DEFAULT AS IDENTITY (
    SEQUENCE NAME public.main_answervote_id_seq
    START WITH 1
    INCREMENT BY 1
    NO MINVALUE
    NO MAXVALUE
    CACHE 1
);


--
-- Name: main_community; Type: TABLE; Schema: public; Owner: felicialammerting
--

CREATE TABLE public.main_community (
    id bigint NOT NULL,
    name character varying(100) NOT NULL,
    description text NOT NULL,
    created_at timestamp with time zone NOT NULL,
    created_by_id integer NOT NULL,
    banner_image character varying(100)
);


ALTER TABLE public.main_community OWNER TO felicialammerting;

--
-- Name: main_community_id_seq; Type: SEQUENCE; Schema: public; Owner: felicialammerting
--

ALTER TABLE public.main_community ALTER COLUMN id ADD GENERATED BY DEFAULT AS IDENTITY (
    SEQUENCE NAME public.main_community_id_seq
    START WITH 1
    INCREMENT BY 1
    NO MINVALUE
    NO MAXVALUE
    CACHE 1
);


--
-- Name: main_community_members; Type: TABLE; Schema: public; Owner: felicialammerting
--

CREATE TABLE public.main_community_members (
    id bigint NOT NULL,
    community_id bigint NOT NULL,
    user_id integer NOT NULL
);


ALTER TABLE public.main_community_members OWNER TO felicialammerting;

--
-- Name: main_community_members_id_seq; Type: SEQUENCE; Schema: public; Owner: felicialammerting
--

ALTER TABLE public.main_community_members ALTER COLUMN id ADD GENERATED BY DEFAULT AS IDENTITY (
    SEQUENCE NAME public.main_community_members_id_seq
    START WITH 1
    INCREMENT BY 1
    NO MINVALUE
    NO MAXVALUE
    CACHE 1
);


--
-- Name: main_communityview; Type: TABLE; Schema: public; Owner: felicialammerting
--

CREATE TABLE public.main_communityview (
    id bigint NOT NULL,
    viewed_at timestamp with time zone NOT NULL,
    community_id bigint NOT NULL,
    user_id integer NOT NULL
);


ALTER TABLE public.main_communityview OWNER TO felicialammerting;

--
-- Name: main_communityview_id_seq; Type: SEQUENCE; Schema: public; Owner: felicialammerting
--

ALTER TABLE public.main_communityview ALTER COLUMN id ADD GENERATED BY DEFAULT AS IDENTITY (
    SEQUENCE NAME public.main_communityview_id_seq
    START WITH 1
    INCREMENT BY 1
    NO MINVALUE
    NO MAXVALUE
    CACHE 1
);


--
-- Name: main_forumcomment; Type: TABLE; Schema: public; Owner: felicialammerting
--

CREATE TABLE public.main_forumcomment (
    id bigint NOT NULL,
    content text NOT NULL,
    created_at timestamp with time zone NOT NULL,
    updated_at timestamp with time zone NOT NULL,
    created_by_id integer NOT NULL,
    post_id bigint NOT NULL
);


ALTER TABLE public.main_forumcomment OWNER TO felicialammerting;

--
-- Name: main_forumcomment_id_seq; Type: SEQUENCE; Schema: public; Owner: felicialammerting
--

ALTER TABLE public.main_forumcomment ALTER COLUMN id ADD GENERATED BY DEFAULT AS IDENTITY (
    SEQUENCE NAME public.main_forumcomment_id_seq
    START WITH 1
    INCREMENT BY 1
    NO MINVALUE
    NO MAXVALUE
    CACHE 1
);


--
-- Name: main_forumpost; Type: TABLE; Schema: public; Owner: felicialammerting
--

CREATE TABLE public.main_forumpost (
    id bigint NOT NULL,
    content text NOT NULL,
    created_at timestamp with time zone NOT NULL,
    community_id bigint NOT NULL,
    created_by_id integer NOT NULL,
    media character varying(100),
    media_type character varying(10) NOT NULL
);


ALTER TABLE public.main_forumpost OWNER TO felicialammerting;

--
-- Name: main_forumpost_id_seq; Type: SEQUENCE; Schema: public; Owner: felicialammerting
--

ALTER TABLE public.main_forumpost ALTER COLUMN id ADD GENERATED BY DEFAULT AS IDENTITY (
    SEQUENCE NAME public.main_forumpost_id_seq
    START WITH 1
    INCREMENT BY 1
    NO MINVALUE
    NO MAXVALUE
    CACHE 1
);


--
-- Name: main_forumpost_likes; Type: TABLE; Schema: public; Owner: felicialammerting
--

CREATE TABLE public.main_forumpost_likes (
    id bigint NOT NULL,
    forumpost_id bigint NOT NULL,
    user_id integer NOT NULL
);


ALTER TABLE public.main_forumpost_likes OWNER TO felicialammerting;

--
-- Name: main_forumpost_likes_id_seq; Type: SEQUENCE; Schema: public; Owner: felicialammerting
--

ALTER TABLE public.main_forumpost_likes ALTER COLUMN id ADD GENERATED BY DEFAULT AS IDENTITY (
    SEQUENCE NAME public.main_forumpost_likes_id_seq
    START WITH 1
    INCREMENT BY 1
    NO MINVALUE
    NO MAXVALUE
    CACHE 1
);


--
-- Name: main_galleryimage; Type: TABLE; Schema: public; Owner: felicialammerting
--

CREATE TABLE public.main_galleryimage (
    id bigint NOT NULL,
    image character varying(100) NOT NULL,
    uploaded_at timestamp with time zone NOT NULL,
    community_id bigint NOT NULL,
    uploaded_by_id integer NOT NULL
);


ALTER TABLE public.main_galleryimage OWNER TO felicialammerting;

--
-- Name: main_galleryimage_id_seq; Type: SEQUENCE; Schema: public; Owner: felicialammerting
--

ALTER TABLE public.main_galleryimage ALTER COLUMN id ADD GENERATED BY DEFAULT AS IDENTITY (
    SEQUENCE NAME public.main_galleryimage_id_seq
    START WITH 1
    INCREMENT BY 1
    NO MINVALUE
    NO MAXVALUE
    CACHE 1
);


--
-- Name: main_poll; Type: TABLE; Schema: public; Owner: felicialammerting
--

CREATE TABLE public.main_poll (
    id bigint NOT NULL,
    question text NOT NULL,
    created_at timestamp with time zone NOT NULL,
    community_id bigint NOT NULL,
    created_by_id integer NOT NULL
);


ALTER TABLE public.main_poll OWNER TO felicialammerting;

--
-- Name: main_poll_id_seq; Type: SEQUENCE; Schema: public; Owner: felicialammerting
--

ALTER TABLE public.main_poll ALTER COLUMN id ADD GENERATED BY DEFAULT AS IDENTITY (
    SEQUENCE NAME public.main_poll_id_seq
    START WITH 1
    INCREMENT BY 1
    NO MINVALUE
    NO MAXVALUE
    CACHE 1
);


--
-- Name: main_polloption; Type: TABLE; Schema: public; Owner: felicialammerting
--

CREATE TABLE public.main_polloption (
    id bigint NOT NULL,
    text character varying(255) NOT NULL,
    poll_id bigint NOT NULL
);


ALTER TABLE public.main_polloption OWNER TO felicialammerting;

--
-- Name: main_polloption_id_seq; Type: SEQUENCE; Schema: public; Owner: felicialammerting
--

ALTER TABLE public.main_polloption ALTER COLUMN id ADD GENERATED BY DEFAULT AS IDENTITY (
    SEQUENCE NAME public.main_polloption_id_seq
    START WITH 1
    INCREMENT BY 1
    NO MINVALUE
    NO MAXVALUE
    CACHE 1
);


--
-- Name: main_pollvote; Type: TABLE; Schema: public; Owner: felicialammerting
--

CREATE TABLE public.main_pollvote (
    id bigint NOT NULL,
    created_at timestamp with time zone NOT NULL,
    option_id bigint NOT NULL,
    user_id integer NOT NULL
);


ALTER TABLE public.main_pollvote OWNER TO felicialammerting;

--
-- Name: main_pollvote_id_seq; Type: SEQUENCE; Schema: public; Owner: felicialammerting
--

ALTER TABLE public.main_pollvote ALTER COLUMN id ADD GENERATED BY DEFAULT AS IDENTITY (
    SEQUENCE NAME public.main_pollvote_id_seq
    START WITH 1
    INCREMENT BY 1
    NO MINVALUE
    NO MAXVALUE
    CACHE 1
);


--
-- Name: main_productcategory; Type: TABLE; Schema: public; Owner: felicialammerting
--

CREATE TABLE public.main_productcategory (
    id bigint NOT NULL,
    name character varying(200) NOT NULL,
    description text,
    created_at timestamp with time zone NOT NULL,
    community_id bigint NOT NULL,
    created_by_id integer NOT NULL
);


ALTER TABLE public.main_productcategory OWNER TO felicialammerting;

--
-- Name: main_productcategory_id_seq; Type: SEQUENCE; Schema: public; Owner: felicialammerting
--

ALTER TABLE public.main_productcategory ALTER COLUMN id ADD GENERATED BY DEFAULT AS IDENTITY (
    SEQUENCE NAME public.main_productcategory_id_seq
    START WITH 1
    INCREMENT BY 1
    NO MINVALUE
    NO MAXVALUE
    CACHE 1
);


--
-- Name: main_profile; Type: TABLE; Schema: public; Owner: felicialammerting
--

CREATE TABLE public.main_profile (
    id bigint NOT NULL,
    avatar character varying(100),
    bio text NOT NULL,
    user_id integer NOT NULL
);


ALTER TABLE public.main_profile OWNER TO felicialammerting;

--
-- Name: main_profile_id_seq; Type: SEQUENCE; Schema: public; Owner: felicialammerting
--

ALTER TABLE public.main_profile ALTER COLUMN id ADD GENERATED BY DEFAULT AS IDENTITY (
    SEQUENCE NAME public.main_profile_id_seq
    START WITH 1
    INCREMENT BY 1
    NO MINVALUE
    NO MAXVALUE
    CACHE 1
);


--
-- Name: main_question; Type: TABLE; Schema: public; Owner: felicialammerting
--

CREATE TABLE public.main_question (
    id bigint NOT NULL,
    content text NOT NULL,
    created_at timestamp with time zone NOT NULL,
    media character varying(100),
    community_id bigint NOT NULL,
    created_by_id integer NOT NULL
);


ALTER TABLE public.main_question OWNER TO felicialammerting;

--
-- Name: main_question_id_seq; Type: SEQUENCE; Schema: public; Owner: felicialammerting
--

ALTER TABLE public.main_question ALTER COLUMN id ADD GENERATED BY DEFAULT AS IDENTITY (
    SEQUENCE NAME public.main_question_id_seq
    START WITH 1
    INCREMENT BY 1
    NO MINVALUE
    NO MAXVALUE
    CACHE 1
);


--
-- Name: main_questionvote; Type: TABLE; Schema: public; Owner: felicialammerting
--

CREATE TABLE public.main_questionvote (
    id bigint NOT NULL,
    vote_type character varying(4) NOT NULL,
    created_at timestamp with time zone NOT NULL,
    question_id bigint NOT NULL,
    user_id integer NOT NULL
);


ALTER TABLE public.main_questionvote OWNER TO felicialammerting;

--
-- Name: main_questionvote_id_seq; Type: SEQUENCE; Schema: public; Owner: felicialammerting
--

ALTER TABLE public.main_questionvote ALTER COLUMN id ADD GENERATED BY DEFAULT AS IDENTITY (
    SEQUENCE NAME public.main_questionvote_id_seq
    START WITH 1
    INCREMENT BY 1
    NO MINVALUE
    NO MAXVALUE
    CACHE 1
);


--
-- Name: main_reaction; Type: TABLE; Schema: public; Owner: felicialammerting
--

CREATE TABLE public.main_reaction (
    id bigint NOT NULL,
    reaction_type character varying(10) NOT NULL,
    created_at timestamp with time zone NOT NULL,
    post_id bigint NOT NULL,
    user_id integer NOT NULL
);


ALTER TABLE public.main_reaction OWNER TO felicialammerting;

--
-- Name: main_reaction_id_seq; Type: SEQUENCE; Schema: public; Owner: felicialammerting
--

ALTER TABLE public.main_reaction ALTER COLUMN id ADD GENERATED BY DEFAULT AS IDENTITY (
    SEQUENCE NAME public.main_reaction_id_seq
    START WITH 1
    INCREMENT BY 1
    NO MINVALUE
    NO MAXVALUE
    CACHE 1
);


--
-- Name: main_recommendedproduct; Type: TABLE; Schema: public; Owner: felicialammerting
--

CREATE TABLE public.main_recommendedproduct (
    id bigint NOT NULL,
    title character varying(200) NOT NULL,
    url character varying(2000) NOT NULL,
    comment text,
    catalogue_name character varying(100),
    created_at timestamp with time zone NOT NULL,
    community_id bigint,
    created_by_id integer
);


ALTER TABLE public.main_recommendedproduct OWNER TO felicialammerting;

--
-- Name: main_recommendedproduct_id_seq; Type: SEQUENCE; Schema: public; Owner: felicialammerting
--

ALTER TABLE public.main_recommendedproduct ALTER COLUMN id ADD GENERATED BY DEFAULT AS IDENTITY (
    SEQUENCE NAME public.main_recommendedproduct_id_seq
    START WITH 1
    INCREMENT BY 1
    NO MINVALUE
    NO MAXVALUE
    CACHE 1
);


--
-- Name: main_resource; Type: TABLE; Schema: public; Owner: felicialammerting
--

CREATE TABLE public.main_resource (
    id bigint NOT NULL,
    title character varying(200) NOT NULL,
    url character varying(200) NOT NULL,
    created_at timestamp with time zone NOT NULL,
    created_by_id integer NOT NULL,
    category_id bigint NOT NULL,
    remark text,
    views integer NOT NULL
);


ALTER TABLE public.main_resource OWNER TO felicialammerting;

--
-- Name: main_resource_id_seq; Type: SEQUENCE; Schema: public; Owner: felicialammerting
--

ALTER TABLE public.main_resource ALTER COLUMN id ADD GENERATED BY DEFAULT AS IDENTITY (
    SEQUENCE NAME public.main_resource_id_seq
    START WITH 1
    INCREMENT BY 1
    NO MINVALUE
    NO MAXVALUE
    CACHE 1
);


--
-- Name: main_resourcecategory; Type: TABLE; Schema: public; Owner: felicialammerting
--

CREATE TABLE public.main_resourcecategory (
    id bigint NOT NULL,
    name character varying(200) NOT NULL,
    description text,
    created_at timestamp with time zone NOT NULL,
    is_preset boolean NOT NULL,
    community_id bigint NOT NULL,
    created_by_id integer NOT NULL,
    preview_image character varying(100),
    views integer NOT NULL
);


ALTER TABLE public.main_resourcecategory OWNER TO felicialammerting;

--
-- Name: main_resourcecategory_id_seq; Type: SEQUENCE; Schema: public; Owner: felicialammerting
--

ALTER TABLE public.main_resourcecategory ALTER COLUMN id ADD GENERATED BY DEFAULT AS IDENTITY (
    SEQUENCE NAME public.main_resourcecategory_id_seq
    START WITH 1
    INCREMENT BY 1
    NO MINVALUE
    NO MAXVALUE
    CACHE 1
);


--
-- Name: main_savedcollection; Type: TABLE; Schema: public; Owner: felicialammerting
--

CREATE TABLE public.main_savedcollection (
    id bigint NOT NULL,
    saved_at timestamp with time zone NOT NULL,
    collection_id bigint NOT NULL,
    user_id integer NOT NULL
);


ALTER TABLE public.main_savedcollection OWNER TO felicialammerting;

--
-- Name: main_savedcollection_id_seq; Type: SEQUENCE; Schema: public; Owner: felicialammerting
--

ALTER TABLE public.main_savedcollection ALTER COLUMN id ADD GENERATED BY DEFAULT AS IDENTITY (
    SEQUENCE NAME public.main_savedcollection_id_seq
    START WITH 1
    INCREMENT BY 1
    NO MINVALUE
    NO MAXVALUE
    CACHE 1
);


--
-- Name: main_savedimage; Type: TABLE; Schema: public; Owner: felicialammerting
--

CREATE TABLE public.main_savedimage (
    id bigint NOT NULL,
    saved_at timestamp with time zone NOT NULL,
    image_id bigint NOT NULL,
    user_id integer NOT NULL
);


ALTER TABLE public.main_savedimage OWNER TO felicialammerting;

--
-- Name: main_savedimage_id_seq; Type: SEQUENCE; Schema: public; Owner: felicialammerting
--

ALTER TABLE public.main_savedimage ALTER COLUMN id ADD GENERATED BY DEFAULT AS IDENTITY (
    SEQUENCE NAME public.main_savedimage_id_seq
    START WITH 1
    INCREMENT BY 1
    NO MINVALUE
    NO MAXVALUE
    CACHE 1
);


--
-- Name: main_savedproduct; Type: TABLE; Schema: public; Owner: felicialammerting
--

CREATE TABLE public.main_savedproduct (
    id bigint NOT NULL,
    saved_at timestamp with time zone NOT NULL,
    product_id bigint NOT NULL,
    user_id integer NOT NULL
);


ALTER TABLE public.main_savedproduct OWNER TO felicialammerting;

--
-- Name: main_savedproduct_id_seq; Type: SEQUENCE; Schema: public; Owner: felicialammerting
--

ALTER TABLE public.main_savedproduct ALTER COLUMN id ADD GENERATED BY DEFAULT AS IDENTITY (
    SEQUENCE NAME public.main_savedproduct_id_seq
    START WITH 1
    INCREMENT BY 1
    NO MINVALUE
    NO MAXVALUE
    CACHE 1
);


--
-- Name: main_savedresource; Type: TABLE; Schema: public; Owner: felicialammerting
--

CREATE TABLE public.main_savedresource (
    id bigint NOT NULL,
    saved_at timestamp with time zone NOT NULL,
    resource_id bigint NOT NULL,
    user_id integer NOT NULL
);


ALTER TABLE public.main_savedresource OWNER TO felicialammerting;

--
-- Name: main_savedresource_id_seq; Type: SEQUENCE; Schema: public; Owner: felicialammerting
--

ALTER TABLE public.main_savedresource ALTER COLUMN id ADD GENERATED BY DEFAULT AS IDENTITY (
    SEQUENCE NAME public.main_savedresource_id_seq
    START WITH 1
    INCREMENT BY 1
    NO MINVALUE
    NO MAXVALUE
    CACHE 1
);


--
-- Name: main_track; Type: TABLE; Schema: public; Owner: felicialammerting
--

CREATE TABLE public.main_track (
    id bigint NOT NULL,
    title character varying(200) NOT NULL,
    artist character varying(200) NOT NULL,
    audio_file character varying(100) NOT NULL,
    uploaded_at timestamp with time zone NOT NULL,
    community_id bigint NOT NULL,
    uploaded_by_id integer NOT NULL
);


ALTER TABLE public.main_track OWNER TO felicialammerting;

--
-- Name: main_track_id_seq; Type: SEQUENCE; Schema: public; Owner: felicialammerting
--

ALTER TABLE public.main_track ALTER COLUMN id ADD GENERATED BY DEFAULT AS IDENTITY (
    SEQUENCE NAME public.main_track_id_seq
    START WITH 1
    INCREMENT BY 1
    NO MINVALUE
    NO MAXVALUE
    CACHE 1
);


--
-- Name: main_vote; Type: TABLE; Schema: public; Owner: felicialammerting
--

CREATE TABLE public.main_vote (
    id bigint NOT NULL,
    vote_type character varying(4) NOT NULL,
    created_at timestamp with time zone NOT NULL,
    resource_id bigint NOT NULL,
    user_id integer NOT NULL
);


ALTER TABLE public.main_vote OWNER TO felicialammerting;

--
-- Name: main_vote_id_seq; Type: SEQUENCE; Schema: public; Owner: felicialammerting
--

ALTER TABLE public.main_vote ALTER COLUMN id ADD GENERATED BY DEFAULT AS IDENTITY (
    SEQUENCE NAME public.main_vote_id_seq
    START WITH 1
    INCREMENT BY 1
    NO MINVALUE
    NO MAXVALUE
    CACHE 1
);


--
-- Name: music_communityspotifyplaylist; Type: TABLE; Schema: public; Owner: felicialammerting
--

CREATE TABLE public.music_communityspotifyplaylist (
    id bigint NOT NULL,
    spotify_playlist_url character varying(200) NOT NULL,
    created_at timestamp with time zone NOT NULL,
    updated_at timestamp with time zone NOT NULL,
    added_by_id integer NOT NULL,
    community_id bigint NOT NULL
);


ALTER TABLE public.music_communityspotifyplaylist OWNER TO felicialammerting;

--
-- Name: music_communityspotifyplaylist_id_seq; Type: SEQUENCE; Schema: public; Owner: felicialammerting
--

ALTER TABLE public.music_communityspotifyplaylist ALTER COLUMN id ADD GENERATED BY DEFAULT AS IDENTITY (
    SEQUENCE NAME public.music_communityspotifyplaylist_id_seq
    START WITH 1
    INCREMENT BY 1
    NO MINVALUE
    NO MAXVALUE
    CACHE 1
);


--
-- Data for Name: auth_group; Type: TABLE DATA; Schema: public; Owner: felicialammerting
--

COPY public.auth_group (id, name) FROM stdin;
\.


--
-- Data for Name: auth_group_permissions; Type: TABLE DATA; Schema: public; Owner: felicialammerting
--

COPY public.auth_group_permissions (id, group_id, permission_id) FROM stdin;
\.


--
-- Data for Name: auth_permission; Type: TABLE DATA; Schema: public; Owner: felicialammerting
--

COPY public.auth_permission (id, name, content_type_id, codename) FROM stdin;
1	Can add log entry	1	add_logentry
2	Can change log entry	1	change_logentry
3	Can delete log entry	1	delete_logentry
4	Can view log entry	1	view_logentry
5	Can add permission	2	add_permission
6	Can change permission	2	change_permission
7	Can delete permission	2	delete_permission
8	Can view permission	2	view_permission
9	Can add group	3	add_group
10	Can change group	3	change_group
11	Can delete group	3	delete_group
12	Can view group	3	view_group
13	Can add user	4	add_user
14	Can change user	4	change_user
15	Can delete user	4	delete_user
16	Can view user	4	view_user
17	Can add content type	5	add_contenttype
18	Can change content type	5	change_contenttype
19	Can delete content type	5	delete_contenttype
20	Can view content type	5	view_contenttype
21	Can add session	6	add_session
22	Can change session	6	change_session
23	Can delete session	6	delete_session
24	Can view session	6	view_session
25	Can add Token	7	add_token
26	Can change Token	7	change_token
27	Can delete Token	7	delete_token
28	Can view Token	7	view_token
29	Can add Token	8	add_tokenproxy
30	Can change Token	8	change_tokenproxy
31	Can delete Token	8	delete_tokenproxy
32	Can view Token	8	view_tokenproxy
33	Can add community	9	add_community
34	Can change community	9	change_community
35	Can delete community	9	delete_community
36	Can view community	9	view_community
37	Can add forum post	10	add_forumpost
38	Can change forum post	10	change_forumpost
39	Can delete forum post	10	delete_forumpost
40	Can view forum post	10	view_forumpost
41	Can add forum comment	11	add_forumcomment
42	Can change forum comment	11	change_forumcomment
43	Can delete forum comment	11	delete_forumcomment
44	Can view forum comment	11	view_forumcomment
45	Can add gallery image	12	add_galleryimage
46	Can change gallery image	12	change_galleryimage
47	Can delete gallery image	12	delete_galleryimage
48	Can view gallery image	12	view_galleryimage
49	Can add resource category	13	add_resourcecategory
50	Can change resource category	13	change_resourcecategory
51	Can delete resource category	13	delete_resourcecategory
52	Can view resource category	13	view_resourcecategory
53	Can add resource	14	add_resource
54	Can change resource	14	change_resource
55	Can delete resource	14	delete_resource
56	Can view resource	14	view_resource
57	Can add track	15	add_track
58	Can change track	15	change_track
59	Can delete track	15	delete_track
60	Can view track	15	view_track
61	Can add track	16	add_track
62	Can change track	16	change_track
63	Can delete track	16	delete_track
64	Can view track	16	view_track
65	Can add playlist	17	add_playlist
66	Can change playlist	17	change_playlist
67	Can delete playlist	17	delete_playlist
68	Can view playlist	17	view_playlist
69	Can add playlist track	18	add_playlisttrack
70	Can change playlist track	18	change_playlisttrack
71	Can delete playlist track	18	delete_playlisttrack
72	Can view playlist track	18	view_playlisttrack
73	Can add Community Spotify Playlist	19	add_communityspotifyplaylist
74	Can change Community Spotify Playlist	19	change_communityspotifyplaylist
75	Can delete Community Spotify Playlist	19	delete_communityspotifyplaylist
76	Can view Community Spotify Playlist	19	view_communityspotifyplaylist
77	Can add vote	20	add_vote
78	Can change vote	20	change_vote
79	Can delete vote	20	delete_vote
80	Can view vote	20	view_vote
81	Can add reaction	21	add_reaction
82	Can change reaction	21	change_reaction
83	Can delete reaction	21	delete_reaction
84	Can view reaction	21	view_reaction
85	Can add question vote	22	add_questionvote
86	Can change question vote	22	change_questionvote
87	Can delete question vote	22	delete_questionvote
88	Can view question vote	22	view_questionvote
89	Can add question	23	add_question
90	Can change question	23	change_question
91	Can delete question	23	delete_question
92	Can view question	23	view_question
93	Can add answer	24	add_answer
94	Can change answer	24	change_answer
95	Can delete answer	24	delete_answer
96	Can view answer	24	view_answer
97	Can add answer vote	25	add_answervote
98	Can change answer vote	25	change_answervote
99	Can delete answer vote	25	delete_answervote
100	Can view answer vote	25	view_answervote
101	Can add poll option	26	add_polloption
102	Can change poll option	26	change_polloption
103	Can delete poll option	26	delete_polloption
104	Can view poll option	26	view_polloption
105	Can add poll	27	add_poll
106	Can change poll	27	change_poll
107	Can delete poll	27	delete_poll
108	Can view poll	27	view_poll
109	Can add poll vote	28	add_pollvote
110	Can change poll vote	28	change_pollvote
111	Can delete poll vote	28	delete_pollvote
112	Can view poll vote	28	view_pollvote
113	Can add announcement	29	add_announcement
114	Can change announcement	29	change_announcement
115	Can delete announcement	29	delete_announcement
116	Can view announcement	29	view_announcement
117	Can add recommended product	30	add_recommendedproduct
118	Can change recommended product	30	change_recommendedproduct
119	Can delete recommended product	30	delete_recommendedproduct
120	Can view recommended product	30	view_recommendedproduct
121	Can add product category	31	add_productcategory
122	Can change product category	31	change_productcategory
123	Can delete product category	31	delete_productcategory
124	Can view product category	31	view_productcategory
125	Can add saved resource	32	add_savedresource
126	Can change saved resource	32	change_savedresource
127	Can delete saved resource	32	delete_savedresource
128	Can view saved resource	32	view_savedresource
129	Can add saved image	33	add_savedimage
130	Can change saved image	33	change_savedimage
131	Can delete saved image	33	delete_savedimage
132	Can view saved image	33	view_savedimage
133	Can add saved product	34	add_savedproduct
134	Can change saved product	34	change_savedproduct
135	Can delete saved product	34	delete_savedproduct
136	Can view saved product	34	view_savedproduct
137	Can add saved collection	35	add_savedcollection
138	Can change saved collection	35	change_savedcollection
139	Can delete saved collection	35	delete_savedcollection
140	Can view saved collection	35	view_savedcollection
141	Can add community view	36	add_communityview
142	Can change community view	36	change_communityview
143	Can delete community view	36	delete_communityview
144	Can view community view	36	view_communityview
145	Can add profile	37	add_profile
146	Can change profile	37	change_profile
147	Can delete profile	37	delete_profile
148	Can view profile	37	view_profile
\.


--
-- Data for Name: auth_user; Type: TABLE DATA; Schema: public; Owner: felicialammerting
--

COPY public.auth_user (id, password, last_login, is_superuser, username, first_name, last_name, email, is_staff, is_active, date_joined) FROM stdin;
1	!nm8tOPSbYCUYjawrEDnJkcFsfHHeWKprNKHRXiWy	\N	f	felicia			felicia@test.com	f	t	2025-01-21 22:08:53.485533+00
2	!sN7yNeKCAwcwPbWQBoIFUUiH8wYwLRukQg5bO9UM	\N	f	felicia1			test@test.com	f	t	2025-01-21 22:09:25.931769+00
3	pbkdf2_sha256$870000$rbgk00YTu6dRU2orG3q5oO$ZcOfngg/apVjbUz/RGUcYrgXNFqDGgtlQ1lEJVHxKg4=	\N	t	felicia7			felicia@test.com	t	t	2025-01-21 22:11:10.516191+00
4	pbkdf2_sha256$870000$GzO7QSZH3BcctZ84gro5dm$0NwWsCZ7ckA0Umz+b01KFtiPyZ706WQQet4T5NUX7ko=	\N	t	felicialammerting				t	t	2025-01-21 22:13:00.571595+00
5	!PqC5Oty20ViDsRDxRkG8jH5EJ7r7Qhx08mbFxiWM	\N	f	felicia8				f	t	2025-01-24 12:35:10.945641+00
6	pbkdf2_sha256$870000$iHG1NwbaklMEqyqlwypgd8$U6KxI6B8ZCSF0LM9V/wCcVKxwwDP+Z9BIja4pAdGvrI=	\N	f	felicia9				f	t	2025-01-24 12:39:39.448765+00
7	pbkdf2_sha256$870000$PWG8qgB3JcHksluJL0mEEM$zd1bDtgF57HENYiGkdEATlfNBF8rgvS0rTf/FWI3piw=	\N	f	felicia10				f	t	2025-02-03 11:35:36.278852+00
\.


--
-- Data for Name: auth_user_groups; Type: TABLE DATA; Schema: public; Owner: felicialammerting
--

COPY public.auth_user_groups (id, user_id, group_id) FROM stdin;
\.


--
-- Data for Name: auth_user_user_permissions; Type: TABLE DATA; Schema: public; Owner: felicialammerting
--

COPY public.auth_user_user_permissions (id, user_id, permission_id) FROM stdin;
\.


--
-- Data for Name: authtoken_token; Type: TABLE DATA; Schema: public; Owner: felicialammerting
--

COPY public.authtoken_token (key, created, user_id) FROM stdin;
7fc28eaaf0471a11dc500de9e9621564e53889d7	2025-01-21 22:08:53.49167+00	1
e17ea2522260c70370a6a905f2943cb53dc56b9e	2025-01-21 22:09:25.955151+00	2
9c92f7429c9d4d80f25e5df7000386b03c0740e0	2025-01-21 22:13:21.646649+00	4
2202e951af6408fedc01ee4e7dfea6179b38c45c	2025-01-21 23:13:43.344857+00	3
39ce554700de915d4cf2fb25ad9ab97708a75cd3	2025-01-24 12:35:10.959792+00	5
f1e45f99ecb7b7416b32c5ed96824cfc850ddaed	2025-01-24 12:39:39.652968+00	6
02dbbc61432d7c54151d620b0506e04587fcd928	2025-02-03 11:35:36.496741+00	7
\.


--
-- Data for Name: django_admin_log; Type: TABLE DATA; Schema: public; Owner: felicialammerting
--

COPY public.django_admin_log (id, action_time, object_id, object_repr, action_flag, change_message, content_type_id, user_id) FROM stdin;
\.


--
-- Data for Name: django_content_type; Type: TABLE DATA; Schema: public; Owner: felicialammerting
--

COPY public.django_content_type (id, app_label, model) FROM stdin;
1	admin	logentry
2	auth	permission
3	auth	group
4	auth	user
5	contenttypes	contenttype
6	sessions	session
7	authtoken	token
8	authtoken	tokenproxy
9	main	community
10	main	forumpost
11	main	forumcomment
12	main	galleryimage
13	main	resourcecategory
14	main	resource
15	main	track
16	music	track
17	music	playlist
18	music	playlisttrack
19	music	communityspotifyplaylist
20	main	vote
21	main	reaction
22	main	questionvote
23	main	question
24	main	answer
25	main	answervote
26	main	polloption
27	main	poll
28	main	pollvote
29	main	announcement
30	main	recommendedproduct
31	main	productcategory
32	main	savedresource
33	main	savedimage
34	main	savedproduct
35	main	savedcollection
36	main	communityview
37	main	profile
\.


--
-- Data for Name: django_migrations; Type: TABLE DATA; Schema: public; Owner: felicialammerting
--

COPY public.django_migrations (id, app, name, applied) FROM stdin;
1	contenttypes	0001_initial	2025-01-21 22:08:13.865765+00
2	auth	0001_initial	2025-01-21 22:08:13.911697+00
3	admin	0001_initial	2025-01-21 22:08:13.922121+00
4	admin	0002_logentry_remove_auto_add	2025-01-21 22:08:13.924715+00
5	admin	0003_logentry_add_action_flag_choices	2025-01-21 22:08:13.927456+00
6	contenttypes	0002_remove_content_type_name	2025-01-21 22:08:13.934139+00
7	auth	0002_alter_permission_name_max_length	2025-01-21 22:08:13.9368+00
8	auth	0003_alter_user_email_max_length	2025-01-21 22:08:13.939246+00
9	auth	0004_alter_user_username_opts	2025-01-21 22:08:13.941502+00
10	auth	0005_alter_user_last_login_null	2025-01-21 22:08:13.94419+00
11	auth	0006_require_contenttypes_0002	2025-01-21 22:08:13.944537+00
12	auth	0007_alter_validators_add_error_messages	2025-01-21 22:08:13.946554+00
13	auth	0008_alter_user_username_max_length	2025-01-21 22:08:13.952765+00
14	auth	0009_alter_user_last_name_max_length	2025-01-21 22:08:13.955607+00
15	auth	0010_alter_group_name_max_length	2025-01-21 22:08:13.959839+00
16	auth	0011_update_proxy_permissions	2025-01-21 22:08:13.961853+00
17	auth	0012_alter_user_first_name_max_length	2025-01-21 22:08:13.964756+00
18	authtoken	0001_initial	2025-01-21 22:08:13.974367+00
19	authtoken	0002_auto_20160226_1747	2025-01-21 22:08:13.981745+00
20	authtoken	0003_tokenproxy	2025-01-21 22:08:13.982859+00
21	authtoken	0004_alter_tokenproxy_options	2025-01-21 22:08:13.984401+00
22	main	0001_initial	2025-01-21 22:08:14.053759+00
23	main	0002_alter_community_options_alter_resource_options_and_more	2025-01-21 22:08:14.143944+00
24	sessions	0001_initial	2025-01-21 22:08:14.151015+00
25	main	0003_community_banner_image	2025-01-22 22:16:30.236577+00
26	main	0004_track	2025-01-23 16:09:01.815445+00
29	music	0001_initial	2025-01-23 19:36:45.694245+00
30	main	0002_resourcecategory_preview_image	2025-01-24 16:17:21.195787+00
31	main	0003_remove_category_field	2025-01-24 17:18:20.727035+00
32	main	0004_alter_resourcecategory_options	2025-01-24 17:18:20.751594+00
33	main	0005_remove_resource_author_remove_resource_description_and_more	2025-01-27 10:03:02.75134+00
34	main	0006_vote	2025-01-27 13:53:46.81324+00
35	main	0007_resource_views_alter_resource_category	2025-01-27 15:54:49.618248+00
36	main	0008_resourcecategory_views_and_more	2025-01-27 16:32:23.708592+00
37	main	0009_update_forumpost_model	2025-01-28 10:03:32.850582+00
38	main	0010_remove_forumpost_updated_at	2025-01-28 10:03:32.855536+00
39	main	0011_alter_forumpost_content_reaction	2025-01-28 11:07:27.856066+00
40	main	0012_alter_reaction_reaction_type	2025-01-28 11:21:01.287247+00
41	main	0013_question_questionvote	2025-01-28 16:59:29.747555+00
42	main	0014_remove_question_votes_answer_answervote_and_more	2025-01-28 17:39:35.738495+00
43	main	0015_questionvote	2025-01-28 20:16:28.485363+00
44	main	0016_poll_polloption_pollvote_polloption_votes	2025-01-28 20:49:41.206583+00
45	main	0017_alter_poll_question	2025-01-28 21:00:46.311038+00
46	main	0018_announcement	2025-01-28 22:38:48.818788+00
47	main	0019_productcategory_recommendedproduct	2025-01-29 12:44:20.033419+00
48	main	0019_recommendedproduct	2025-01-29 13:33:14.012989+00
49	main	0020_alter_recommendedproduct_url	2025-01-29 13:55:26.097589+00
50	main	0021_savedimage_savedproduct_savedresource	2025-01-30 00:32:31.751937+00
51	main	0022_alter_savedproduct_options	2025-01-30 00:51:18.602325+00
52	main	0023_savedcollection	2025-01-30 01:14:48.971089+00
53	main	0024_communityview	2025-01-30 14:17:04.631902+00
54	main	0025_alter_communityview_unique_together	2025-01-30 15:02:11.005697+00
55	main	0026_profile	2025-02-03 11:31:36.938363+00
\.


--
-- Data for Name: django_session; Type: TABLE DATA; Schema: public; Owner: felicialammerting
--

COPY public.django_session (session_key, session_data, expire_date) FROM stdin;
\.


--
-- Data for Name: main_announcement; Type: TABLE DATA; Schema: public; Owner: felicialammerting
--

COPY public.main_announcement (id, content, created_at, community_id, created_by_id) FROM stdin;
1	hhhh	2025-01-28 22:46:12.997004+00	4	6
2	hhhh	2025-01-28 22:46:18.027471+00	4	6
3	hello, welcome to the community	2025-01-28 23:03:37.592868+00	4	6
\.


--
-- Data for Name: main_answer; Type: TABLE DATA; Schema: public; Owner: felicialammerting
--

COPY public.main_answer (id, content, created_at, votes, created_by_id, question_id) FROM stdin;
1	ddd	2025-01-28 20:17:00.382489+00	-1	6	11
3	hallo	2025-01-28 20:17:10.172544+00	-1	6	11
2	ddd	2025-01-28 20:17:02.691643+00	-1	6	11
5	hallo	2025-01-28 20:21:43.780469+00	0	6	16
4	ddd	2025-01-28 20:21:40.554111+00	1	6	16
\.


--
-- Data for Name: main_answervote; Type: TABLE DATA; Schema: public; Owner: felicialammerting
--

COPY public.main_answervote (id, vote_type, created_at, answer_id, user_id) FROM stdin;
1	down	2025-01-28 20:17:03.64291+00	1	6
3	down	2025-01-28 20:17:12.040335+00	3	6
2	down	2025-01-28 20:17:05.788515+00	2	6
4	up	2025-01-28 20:21:45.711611+00	4	6
\.


--
-- Data for Name: main_community; Type: TABLE DATA; Schema: public; Owner: felicialammerting
--

COPY public.main_community (id, name, description, created_at, created_by_id, banner_image) FROM stdin;
1	cvvv	vvvv	2025-01-21 22:13:31.592725+00	4	\N
2	bbb	bbb	2025-01-21 22:53:16.602259+00	4	\N
3	Paris	paris inspoo\r\n	2025-01-22 11:28:35.706092+00	3	community_banners/paris-at-spring.webp
4	Mob Wife	Mob Wife Aesthetics	2025-01-24 13:03:46.03754+00	6	community_banners/mob_wife_aesthetic.png.webp
5	music	ddd	2025-01-28 14:17:28.030552+00	6	
6	paris blog	paris	2025-01-31 17:20:30.718685+00	6	
\.


--
-- Data for Name: main_community_members; Type: TABLE DATA; Schema: public; Owner: felicialammerting
--

COPY public.main_community_members (id, community_id, user_id) FROM stdin;
4	3	6
\.


--
-- Data for Name: main_communityview; Type: TABLE DATA; Schema: public; Owner: felicialammerting
--

COPY public.main_communityview (id, viewed_at, community_id, user_id) FROM stdin;
2	2025-02-03 11:14:52.089152+00	3	6
3	2025-02-03 11:25:42.083414+00	4	6
1	2025-01-31 15:49:08.470169+00	5	6
5	2025-01-31 17:20:32.848086+00	6	6
\.


--
-- Data for Name: main_forumcomment; Type: TABLE DATA; Schema: public; Owner: felicialammerting
--

COPY public.main_forumcomment (id, content, created_at, updated_at, created_by_id, post_id) FROM stdin;
\.


--
-- Data for Name: main_forumpost; Type: TABLE DATA; Schema: public; Owner: felicialammerting
--

COPY public.main_forumpost (id, content, created_at, community_id, created_by_id, media, media_type) FROM stdin;
1	f	2025-01-21 22:13:57.834086+00	1	4	\N	none
2	ssy	2025-01-21 23:02:17.428673+00	2	4	\N	none
3	lalalal	2025-01-28 10:04:28.373746+00	4	6		none
4		2025-01-28 10:21:05.298659+00	4	6	forum_media/tiramisu-4583.jpg	image
5		2025-01-28 10:24:49.496469+00	4	6	forum_media/MobWifeArticle_CoverImage.jpg	image
6		2025-01-28 10:25:13.49229+00	4	6	forum_media/paris-street.jpg	image
7		2025-01-28 10:28:57.367599+00	4	6	forum_media/paris-at-spring.webp	image
8	vvvv	2025-01-28 11:08:06.721237+00	4	6		none
9	vvv	2025-01-28 11:08:17.872656+00	4	6		none
10	vv	2025-01-28 11:11:35.215922+00	4	6		none
11	nnnn	2025-01-28 14:18:08.023593+00	5	6		none
\.


--
-- Data for Name: main_forumpost_likes; Type: TABLE DATA; Schema: public; Owner: felicialammerting
--

COPY public.main_forumpost_likes (id, forumpost_id, user_id) FROM stdin;
2	7	6
\.


--
-- Data for Name: main_galleryimage; Type: TABLE DATA; Schema: public; Owner: felicialammerting
--

COPY public.main_galleryimage (id, image, uploaded_at, community_id, uploaded_by_id) FROM stdin;
1	gallery/Screenshot_2025-01-20_at_19.53.16.png	2025-01-22 10:04:18.95223+00	2	3
2	gallery/Screenshot_2025-01-21_at_22.00.41.png	2025-01-22 11:03:29.32485+00	2	3
3	gallery/paris.jpg	2025-01-22 11:53:53.438371+00	3	3
4	gallery/paris-street.jpg	2025-01-22 11:54:16.434037+00	3	3
6	gallery/Tour_Eiffel_-_night_2016.jpg	2025-01-22 19:45:09.787556+00	3	3
10	gallery/paris-at-spring.webp	2025-01-23 23:03:19.670752+00	3	3
11	gallery/Header.jpg.webp	2025-01-24 13:14:02.233423+00	4	6
12	gallery/2.png.avif	2025-01-24 13:14:22.33041+00	4	6
13	gallery/MobWifeArticle_CoverImage.jpg	2025-01-24 13:14:27.550798+00	4	6
14	gallery/R-3-1024x683.jpg.webp	2025-01-29 21:37:31.706275+00	4	6
15	gallery/mob_wife_aesthetic.png.webp	2025-01-29 21:37:37.591375+00	4	6
16	gallery/R-3-1024x683_KpmYIas.jpg.webp	2025-01-29 21:37:42.015274+00	4	6
\.


--
-- Data for Name: main_poll; Type: TABLE DATA; Schema: public; Owner: felicialammerting
--

COPY public.main_poll (id, question, created_at, community_id, created_by_id) FROM stdin;
1	dd	2025-01-28 20:55:02.271345+00	4	6
2	ccc	2025-01-28 21:02:59.278232+00	4	6
\.


--
-- Data for Name: main_polloption; Type: TABLE DATA; Schema: public; Owner: felicialammerting
--

COPY public.main_polloption (id, text, poll_id) FROM stdin;
1	dd	1
2	dd	1
3	d	2
4	d	2
\.


--
-- Data for Name: main_pollvote; Type: TABLE DATA; Schema: public; Owner: felicialammerting
--

COPY public.main_pollvote (id, created_at, option_id, user_id) FROM stdin;
3	2025-01-28 21:04:41.01751+00	3	6
4	2025-01-28 21:04:43.160457+00	1	6
\.


--
-- Data for Name: main_productcategory; Type: TABLE DATA; Schema: public; Owner: felicialammerting
--

COPY public.main_productcategory (id, name, description, created_at, community_id, created_by_id) FROM stdin;
\.


--
-- Data for Name: main_profile; Type: TABLE DATA; Schema: public; Owner: felicialammerting
--

COPY public.main_profile (id, avatar, bio, user_id) FROM stdin;
1	avatars/tiramisu-4583.jpg	hi I'm feli	7
\.


--
-- Data for Name: main_question; Type: TABLE DATA; Schema: public; Owner: felicialammerting
--

COPY public.main_question (id, content, created_at, media, community_id, created_by_id) FROM stdin;
7	nnn	2025-01-28 17:06:55.12776+00		4	6
8	ffff	2025-01-28 17:07:00.714161+00		4	6
9	fff	2025-01-28 17:07:05.809231+00		4	6
10	fff	2025-01-28 17:43:29.453387+00		4	6
11	dddd	2025-01-28 20:14:59.258015+00		4	6
12	jmnnn	2025-01-28 20:19:26.886158+00		4	6
13	nnn	2025-01-28 20:19:30.540423+00		4	6
14	bbb	2025-01-28 20:19:39.303753+00		4	6
15	dd	2025-01-28 20:19:56.500127+00		4	6
16	ddd	2025-01-28 20:21:37.885033+00		4	6
17	ccc	2025-01-28 21:28:53.148815+00		4	6
18	fff	2025-01-28 21:29:24.571151+00		4	6
19	bbb	2025-01-28 21:30:32.169586+00		4	6
20	xs	2025-01-28 21:30:40.712748+00		4	6
21	fff	2025-01-28 21:34:26.03404+00		4	6
22	fff	2025-01-28 21:34:40.014336+00		4	6
23	vvvv	2025-01-28 21:35:48.862214+00		4	6
\.


--
-- Data for Name: main_questionvote; Type: TABLE DATA; Schema: public; Owner: felicialammerting
--

COPY public.main_questionvote (id, vote_type, created_at, question_id, user_id) FROM stdin;
3	down	2025-01-28 20:17:16.497526+00	11	6
5	up	2025-01-28 20:21:51.445309+00	13	6
4	down	2025-01-28 20:17:20.13838+00	10	6
\.


--
-- Data for Name: main_reaction; Type: TABLE DATA; Schema: public; Owner: felicialammerting
--

COPY public.main_reaction (id, reaction_type, created_at, post_id, user_id) FROM stdin;
1	like	2025-01-28 11:12:03.939966+00	10	6
3	wow	2025-01-28 11:24:02.885407+00	9	6
6	heart	2025-01-28 11:24:08.716695+00	9	6
7	like	2025-01-28 11:24:09.480259+00	9	6
8	funny	2025-01-28 11:24:45.15396+00	9	6
9	funny	2025-01-28 11:24:47.215891+00	10	6
10	wow	2025-01-28 11:24:47.796761+00	10	6
11	sad	2025-01-28 11:24:48.25986+00	10	6
12	angry	2025-01-28 11:24:48.854388+00	10	6
\.


--
-- Data for Name: main_recommendedproduct; Type: TABLE DATA; Schema: public; Owner: felicialammerting
--

COPY public.main_recommendedproduct (id, title, url, comment, catalogue_name, created_at, community_id, created_by_id) FROM stdin;
1	dddd	https://www.phixclothing.com/products/brown-leopard-print-sequin-flares?variant=49009230020855&glCountry=GB&glCurrency=GBP&gad_source=1&gbraid=0AAAAADQDh5CI4leFtCeUr6kCp7WKeHJyp&gclid=Cj0KCQiAwOe8BhCCARIsAGKeD55KxRvmXM0gynt7jSgnNiaXpqUl9M1qwni2anBu9lEiQz8CAeoLvCsaAkfLEALw_wcB		leo pieces	2025-01-29 13:55:37.738862+00	4	6
2	shoes	https://www.phixclothing.com/products/soho-60mm-leather-boot?variant=44291402793207&glCountry=GB&glCurrency=GBP&gad_source=1&gbraid=0AAAAADQDh5CuiBW3Y6NjoMHGv2Gk0UDJk&gclid=Cj0KCQiAwOe8BhCCARIsAGKeD56AnYivUSk1i5nUZkANDJjEO8WkaSJXClEpbJM-jYxN8Fji7XqxtWoaAtjgEALw_wcB		all black everything	2025-01-29 13:57:20.571118+00	4	6
3	Cool Blazer	https://www.phixclothing.com/collections/sale/products/teal-blue-double-breasted-silver-button-satin-shirt	love this	funky	2025-01-29 14:14:18.633168+00	4	6
\.


--
-- Data for Name: main_resource; Type: TABLE DATA; Schema: public; Owner: felicialammerting
--

COPY public.main_resource (id, title, url, created_at, created_by_id, category_id, remark, views) FROM stdin;
5	Scarface	https://www.imdb.com/de/title/tt0086250/	2025-01-27 10:08:26.03066+00	6	3		0
6	Severance	https://tv.apple.com/gb/show/severance/umc.cmc.1srk2goyh2q2zdxcx605w8vtx	2025-01-27 10:29:46.889344+00	6	3		1
7	Goodfellas	https://de.wikipedia.org/wiki/GoodFellas__Drei_Jahrzehnte_in_der_Mafia	2025-01-27 19:53:17.793929+00	6	3	10/10	0
\.


--
-- Data for Name: main_resourcecategory; Type: TABLE DATA; Schema: public; Owner: felicialammerting
--

COPY public.main_resourcecategory (id, name, description, created_at, is_preset, community_id, created_by_id, preview_image, views) FROM stdin;
2	ff	ff	2025-01-21 22:18:55.951117+00	f	1	4	\N	0
3	Best Mob wife movies	best mob wife movies	2025-01-24 15:48:33.78753+00	f	4	6	category_previews/R-3-1024x683.jpg.webp	181
10	ccc	ccc	2025-01-30 00:46:11.616046+00	f	4	6		0
9	my fav songs	sss	2025-01-28 15:59:06.940563+00	f	5	6		0
5	Mob Wife-Inspired Recipes:	yum	2025-01-24 16:17:25.491885+00	f	4	6	category_previews/tiramisu-4583.jpg	24
\.


--
-- Data for Name: main_savedcollection; Type: TABLE DATA; Schema: public; Owner: felicialammerting
--

COPY public.main_savedcollection (id, saved_at, collection_id, user_id) FROM stdin;
5	2025-01-30 10:37:53.929463+00	3	6
6	2025-01-30 10:44:21.9453+00	5	6
\.


--
-- Data for Name: main_savedimage; Type: TABLE DATA; Schema: public; Owner: felicialammerting
--

COPY public.main_savedimage (id, saved_at, image_id, user_id) FROM stdin;
10	2025-01-30 10:29:25.425114+00	16	6
\.


--
-- Data for Name: main_savedproduct; Type: TABLE DATA; Schema: public; Owner: felicialammerting
--

COPY public.main_savedproduct (id, saved_at, product_id, user_id) FROM stdin;
5	2025-01-30 00:51:47.688463+00	2	6
8	2025-01-30 10:31:59.452433+00	3	6
\.


--
-- Data for Name: main_savedresource; Type: TABLE DATA; Schema: public; Owner: felicialammerting
--

COPY public.main_savedresource (id, saved_at, resource_id, user_id) FROM stdin;
1	2025-01-30 10:57:45.65338+00	7	6
\.


--
-- Data for Name: main_track; Type: TABLE DATA; Schema: public; Owner: felicialammerting
--

COPY public.main_track (id, title, artist, audio_file, uploaded_at, community_id, uploaded_by_id) FROM stdin;
\.


--
-- Data for Name: main_vote; Type: TABLE DATA; Schema: public; Owner: felicialammerting
--

COPY public.main_vote (id, vote_type, created_at, resource_id, user_id) FROM stdin;
22	up	2025-01-27 19:15:56.056686+00	5	6
23	up	2025-01-27 19:53:22.743763+00	7	6
24	up	2025-01-27 20:00:15.955295+00	6	6
\.


--
-- Data for Name: music_communityspotifyplaylist; Type: TABLE DATA; Schema: public; Owner: felicialammerting
--

COPY public.music_communityspotifyplaylist (id, spotify_playlist_url, created_at, updated_at, added_by_id, community_id) FROM stdin;
1	https://open.spotify.com/playlist/37i9dQZF1DX0ZO4kBlpsIH?si=b48bfada74da453c	2025-01-23 19:37:07.692191+00	2025-01-23 19:37:07.692205+00	3	3
2	https://open.spotify.com/playlist/4kddUpQcWO3Dxsxoa5oofR	2025-01-24 13:21:13.042493+00	2025-01-24 14:32:43.225319+00	6	4
\.


--
-- Name: auth_group_id_seq; Type: SEQUENCE SET; Schema: public; Owner: felicialammerting
--

SELECT pg_catalog.setval('public.auth_group_id_seq', 1, false);


--
-- Name: auth_group_permissions_id_seq; Type: SEQUENCE SET; Schema: public; Owner: felicialammerting
--

SELECT pg_catalog.setval('public.auth_group_permissions_id_seq', 1, false);


--
-- Name: auth_permission_id_seq; Type: SEQUENCE SET; Schema: public; Owner: felicialammerting
--

SELECT pg_catalog.setval('public.auth_permission_id_seq', 148, true);


--
-- Name: auth_user_groups_id_seq; Type: SEQUENCE SET; Schema: public; Owner: felicialammerting
--

SELECT pg_catalog.setval('public.auth_user_groups_id_seq', 1, false);


--
-- Name: auth_user_id_seq; Type: SEQUENCE SET; Schema: public; Owner: felicialammerting
--

SELECT pg_catalog.setval('public.auth_user_id_seq', 7, true);


--
-- Name: auth_user_user_permissions_id_seq; Type: SEQUENCE SET; Schema: public; Owner: felicialammerting
--

SELECT pg_catalog.setval('public.auth_user_user_permissions_id_seq', 1, false);


--
-- Name: django_admin_log_id_seq; Type: SEQUENCE SET; Schema: public; Owner: felicialammerting
--

SELECT pg_catalog.setval('public.django_admin_log_id_seq', 1, false);


--
-- Name: django_content_type_id_seq; Type: SEQUENCE SET; Schema: public; Owner: felicialammerting
--

SELECT pg_catalog.setval('public.django_content_type_id_seq', 37, true);


--
-- Name: django_migrations_id_seq; Type: SEQUENCE SET; Schema: public; Owner: felicialammerting
--

SELECT pg_catalog.setval('public.django_migrations_id_seq', 55, true);


--
-- Name: main_announcement_id_seq; Type: SEQUENCE SET; Schema: public; Owner: felicialammerting
--

SELECT pg_catalog.setval('public.main_announcement_id_seq', 3, true);


--
-- Name: main_answer_id_seq; Type: SEQUENCE SET; Schema: public; Owner: felicialammerting
--

SELECT pg_catalog.setval('public.main_answer_id_seq', 5, true);


--
-- Name: main_answervote_id_seq; Type: SEQUENCE SET; Schema: public; Owner: felicialammerting
--

SELECT pg_catalog.setval('public.main_answervote_id_seq', 4, true);


--
-- Name: main_community_id_seq; Type: SEQUENCE SET; Schema: public; Owner: felicialammerting
--

SELECT pg_catalog.setval('public.main_community_id_seq', 6, true);


--
-- Name: main_community_members_id_seq; Type: SEQUENCE SET; Schema: public; Owner: felicialammerting
--

SELECT pg_catalog.setval('public.main_community_members_id_seq', 4, true);


--
-- Name: main_communityview_id_seq; Type: SEQUENCE SET; Schema: public; Owner: felicialammerting
--

SELECT pg_catalog.setval('public.main_communityview_id_seq', 5, true);


--
-- Name: main_forumcomment_id_seq; Type: SEQUENCE SET; Schema: public; Owner: felicialammerting
--

SELECT pg_catalog.setval('public.main_forumcomment_id_seq', 1, false);


--
-- Name: main_forumpost_id_seq; Type: SEQUENCE SET; Schema: public; Owner: felicialammerting
--

SELECT pg_catalog.setval('public.main_forumpost_id_seq', 11, true);


--
-- Name: main_forumpost_likes_id_seq; Type: SEQUENCE SET; Schema: public; Owner: felicialammerting
--

SELECT pg_catalog.setval('public.main_forumpost_likes_id_seq', 2, true);


--
-- Name: main_galleryimage_id_seq; Type: SEQUENCE SET; Schema: public; Owner: felicialammerting
--

SELECT pg_catalog.setval('public.main_galleryimage_id_seq', 16, true);


--
-- Name: main_poll_id_seq; Type: SEQUENCE SET; Schema: public; Owner: felicialammerting
--

SELECT pg_catalog.setval('public.main_poll_id_seq', 2, true);


--
-- Name: main_polloption_id_seq; Type: SEQUENCE SET; Schema: public; Owner: felicialammerting
--

SELECT pg_catalog.setval('public.main_polloption_id_seq', 4, true);


--
-- Name: main_pollvote_id_seq; Type: SEQUENCE SET; Schema: public; Owner: felicialammerting
--

SELECT pg_catalog.setval('public.main_pollvote_id_seq', 4, true);


--
-- Name: main_productcategory_id_seq; Type: SEQUENCE SET; Schema: public; Owner: felicialammerting
--

SELECT pg_catalog.setval('public.main_productcategory_id_seq', 1, false);


--
-- Name: main_profile_id_seq; Type: SEQUENCE SET; Schema: public; Owner: felicialammerting
--

SELECT pg_catalog.setval('public.main_profile_id_seq', 1, true);


--
-- Name: main_question_id_seq; Type: SEQUENCE SET; Schema: public; Owner: felicialammerting
--

SELECT pg_catalog.setval('public.main_question_id_seq', 23, true);


--
-- Name: main_questionvote_id_seq; Type: SEQUENCE SET; Schema: public; Owner: felicialammerting
--

SELECT pg_catalog.setval('public.main_questionvote_id_seq', 6, true);


--
-- Name: main_reaction_id_seq; Type: SEQUENCE SET; Schema: public; Owner: felicialammerting
--

SELECT pg_catalog.setval('public.main_reaction_id_seq', 12, true);


--
-- Name: main_recommendedproduct_id_seq; Type: SEQUENCE SET; Schema: public; Owner: felicialammerting
--

SELECT pg_catalog.setval('public.main_recommendedproduct_id_seq', 3, true);


--
-- Name: main_resource_id_seq; Type: SEQUENCE SET; Schema: public; Owner: felicialammerting
--

SELECT pg_catalog.setval('public.main_resource_id_seq', 7, true);


--
-- Name: main_resourcecategory_id_seq; Type: SEQUENCE SET; Schema: public; Owner: felicialammerting
--

SELECT pg_catalog.setval('public.main_resourcecategory_id_seq', 10, true);


--
-- Name: main_savedcollection_id_seq; Type: SEQUENCE SET; Schema: public; Owner: felicialammerting
--

SELECT pg_catalog.setval('public.main_savedcollection_id_seq', 6, true);


--
-- Name: main_savedimage_id_seq; Type: SEQUENCE SET; Schema: public; Owner: felicialammerting
--

SELECT pg_catalog.setval('public.main_savedimage_id_seq', 10, true);


--
-- Name: main_savedproduct_id_seq; Type: SEQUENCE SET; Schema: public; Owner: felicialammerting
--

SELECT pg_catalog.setval('public.main_savedproduct_id_seq', 8, true);


--
-- Name: main_savedresource_id_seq; Type: SEQUENCE SET; Schema: public; Owner: felicialammerting
--

SELECT pg_catalog.setval('public.main_savedresource_id_seq', 1, true);


--
-- Name: main_track_id_seq; Type: SEQUENCE SET; Schema: public; Owner: felicialammerting
--

SELECT pg_catalog.setval('public.main_track_id_seq', 1, false);


--
-- Name: main_vote_id_seq; Type: SEQUENCE SET; Schema: public; Owner: felicialammerting
--

SELECT pg_catalog.setval('public.main_vote_id_seq', 24, true);


--
-- Name: music_communityspotifyplaylist_id_seq; Type: SEQUENCE SET; Schema: public; Owner: felicialammerting
--

SELECT pg_catalog.setval('public.music_communityspotifyplaylist_id_seq', 2, true);


--
-- Name: auth_group auth_group_name_key; Type: CONSTRAINT; Schema: public; Owner: felicialammerting
--

ALTER TABLE ONLY public.auth_group
    ADD CONSTRAINT auth_group_name_key UNIQUE (name);


--
-- Name: auth_group_permissions auth_group_permissions_group_id_permission_id_0cd325b0_uniq; Type: CONSTRAINT; Schema: public; Owner: felicialammerting
--

ALTER TABLE ONLY public.auth_group_permissions
    ADD CONSTRAINT auth_group_permissions_group_id_permission_id_0cd325b0_uniq UNIQUE (group_id, permission_id);


--
-- Name: auth_group_permissions auth_group_permissions_pkey; Type: CONSTRAINT; Schema: public; Owner: felicialammerting
--

ALTER TABLE ONLY public.auth_group_permissions
    ADD CONSTRAINT auth_group_permissions_pkey PRIMARY KEY (id);


--
-- Name: auth_group auth_group_pkey; Type: CONSTRAINT; Schema: public; Owner: felicialammerting
--

ALTER TABLE ONLY public.auth_group
    ADD CONSTRAINT auth_group_pkey PRIMARY KEY (id);


--
-- Name: auth_permission auth_permission_content_type_id_codename_01ab375a_uniq; Type: CONSTRAINT; Schema: public; Owner: felicialammerting
--

ALTER TABLE ONLY public.auth_permission
    ADD CONSTRAINT auth_permission_content_type_id_codename_01ab375a_uniq UNIQUE (content_type_id, codename);


--
-- Name: auth_permission auth_permission_pkey; Type: CONSTRAINT; Schema: public; Owner: felicialammerting
--

ALTER TABLE ONLY public.auth_permission
    ADD CONSTRAINT auth_permission_pkey PRIMARY KEY (id);


--
-- Name: auth_user_groups auth_user_groups_pkey; Type: CONSTRAINT; Schema: public; Owner: felicialammerting
--

ALTER TABLE ONLY public.auth_user_groups
    ADD CONSTRAINT auth_user_groups_pkey PRIMARY KEY (id);


--
-- Name: auth_user_groups auth_user_groups_user_id_group_id_94350c0c_uniq; Type: CONSTRAINT; Schema: public; Owner: felicialammerting
--

ALTER TABLE ONLY public.auth_user_groups
    ADD CONSTRAINT auth_user_groups_user_id_group_id_94350c0c_uniq UNIQUE (user_id, group_id);


--
-- Name: auth_user auth_user_pkey; Type: CONSTRAINT; Schema: public; Owner: felicialammerting
--

ALTER TABLE ONLY public.auth_user
    ADD CONSTRAINT auth_user_pkey PRIMARY KEY (id);


--
-- Name: auth_user_user_permissions auth_user_user_permissions_pkey; Type: CONSTRAINT; Schema: public; Owner: felicialammerting
--

ALTER TABLE ONLY public.auth_user_user_permissions
    ADD CONSTRAINT auth_user_user_permissions_pkey PRIMARY KEY (id);


--
-- Name: auth_user_user_permissions auth_user_user_permissions_user_id_permission_id_14a6b632_uniq; Type: CONSTRAINT; Schema: public; Owner: felicialammerting
--

ALTER TABLE ONLY public.auth_user_user_permissions
    ADD CONSTRAINT auth_user_user_permissions_user_id_permission_id_14a6b632_uniq UNIQUE (user_id, permission_id);


--
-- Name: auth_user auth_user_username_key; Type: CONSTRAINT; Schema: public; Owner: felicialammerting
--

ALTER TABLE ONLY public.auth_user
    ADD CONSTRAINT auth_user_username_key UNIQUE (username);


--
-- Name: authtoken_token authtoken_token_pkey; Type: CONSTRAINT; Schema: public; Owner: felicialammerting
--

ALTER TABLE ONLY public.authtoken_token
    ADD CONSTRAINT authtoken_token_pkey PRIMARY KEY (key);


--
-- Name: authtoken_token authtoken_token_user_id_key; Type: CONSTRAINT; Schema: public; Owner: felicialammerting
--

ALTER TABLE ONLY public.authtoken_token
    ADD CONSTRAINT authtoken_token_user_id_key UNIQUE (user_id);


--
-- Name: django_admin_log django_admin_log_pkey; Type: CONSTRAINT; Schema: public; Owner: felicialammerting
--

ALTER TABLE ONLY public.django_admin_log
    ADD CONSTRAINT django_admin_log_pkey PRIMARY KEY (id);


--
-- Name: django_content_type django_content_type_app_label_model_76bd3d3b_uniq; Type: CONSTRAINT; Schema: public; Owner: felicialammerting
--

ALTER TABLE ONLY public.django_content_type
    ADD CONSTRAINT django_content_type_app_label_model_76bd3d3b_uniq UNIQUE (app_label, model);


--
-- Name: django_content_type django_content_type_pkey; Type: CONSTRAINT; Schema: public; Owner: felicialammerting
--

ALTER TABLE ONLY public.django_content_type
    ADD CONSTRAINT django_content_type_pkey PRIMARY KEY (id);


--
-- Name: django_migrations django_migrations_pkey; Type: CONSTRAINT; Schema: public; Owner: felicialammerting
--

ALTER TABLE ONLY public.django_migrations
    ADD CONSTRAINT django_migrations_pkey PRIMARY KEY (id);


--
-- Name: django_session django_session_pkey; Type: CONSTRAINT; Schema: public; Owner: felicialammerting
--

ALTER TABLE ONLY public.django_session
    ADD CONSTRAINT django_session_pkey PRIMARY KEY (session_key);


--
-- Name: main_announcement main_announcement_pkey; Type: CONSTRAINT; Schema: public; Owner: felicialammerting
--

ALTER TABLE ONLY public.main_announcement
    ADD CONSTRAINT main_announcement_pkey PRIMARY KEY (id);


--
-- Name: main_answer main_answer_pkey; Type: CONSTRAINT; Schema: public; Owner: felicialammerting
--

ALTER TABLE ONLY public.main_answer
    ADD CONSTRAINT main_answer_pkey PRIMARY KEY (id);


--
-- Name: main_answervote main_answervote_answer_id_user_id_18ddd53d_uniq; Type: CONSTRAINT; Schema: public; Owner: felicialammerting
--

ALTER TABLE ONLY public.main_answervote
    ADD CONSTRAINT main_answervote_answer_id_user_id_18ddd53d_uniq UNIQUE (answer_id, user_id);


--
-- Name: main_answervote main_answervote_pkey; Type: CONSTRAINT; Schema: public; Owner: felicialammerting
--

ALTER TABLE ONLY public.main_answervote
    ADD CONSTRAINT main_answervote_pkey PRIMARY KEY (id);


--
-- Name: main_community_members main_community_members_community_id_user_id_7d7ddb97_uniq; Type: CONSTRAINT; Schema: public; Owner: felicialammerting
--

ALTER TABLE ONLY public.main_community_members
    ADD CONSTRAINT main_community_members_community_id_user_id_7d7ddb97_uniq UNIQUE (community_id, user_id);


--
-- Name: main_community_members main_community_members_pkey; Type: CONSTRAINT; Schema: public; Owner: felicialammerting
--

ALTER TABLE ONLY public.main_community_members
    ADD CONSTRAINT main_community_members_pkey PRIMARY KEY (id);


--
-- Name: main_community main_community_pkey; Type: CONSTRAINT; Schema: public; Owner: felicialammerting
--

ALTER TABLE ONLY public.main_community
    ADD CONSTRAINT main_community_pkey PRIMARY KEY (id);


--
-- Name: main_communityview main_communityview_community_id_user_id_52fd48a2_uniq; Type: CONSTRAINT; Schema: public; Owner: felicialammerting
--

ALTER TABLE ONLY public.main_communityview
    ADD CONSTRAINT main_communityview_community_id_user_id_52fd48a2_uniq UNIQUE (community_id, user_id);


--
-- Name: main_communityview main_communityview_pkey; Type: CONSTRAINT; Schema: public; Owner: felicialammerting
--

ALTER TABLE ONLY public.main_communityview
    ADD CONSTRAINT main_communityview_pkey PRIMARY KEY (id);


--
-- Name: main_forumcomment main_forumcomment_pkey; Type: CONSTRAINT; Schema: public; Owner: felicialammerting
--

ALTER TABLE ONLY public.main_forumcomment
    ADD CONSTRAINT main_forumcomment_pkey PRIMARY KEY (id);


--
-- Name: main_forumpost_likes main_forumpost_likes_forumpost_id_user_id_2aa27590_uniq; Type: CONSTRAINT; Schema: public; Owner: felicialammerting
--

ALTER TABLE ONLY public.main_forumpost_likes
    ADD CONSTRAINT main_forumpost_likes_forumpost_id_user_id_2aa27590_uniq UNIQUE (forumpost_id, user_id);


--
-- Name: main_forumpost_likes main_forumpost_likes_pkey; Type: CONSTRAINT; Schema: public; Owner: felicialammerting
--

ALTER TABLE ONLY public.main_forumpost_likes
    ADD CONSTRAINT main_forumpost_likes_pkey PRIMARY KEY (id);


--
-- Name: main_forumpost main_forumpost_pkey; Type: CONSTRAINT; Schema: public; Owner: felicialammerting
--

ALTER TABLE ONLY public.main_forumpost
    ADD CONSTRAINT main_forumpost_pkey PRIMARY KEY (id);


--
-- Name: main_galleryimage main_galleryimage_pkey; Type: CONSTRAINT; Schema: public; Owner: felicialammerting
--

ALTER TABLE ONLY public.main_galleryimage
    ADD CONSTRAINT main_galleryimage_pkey PRIMARY KEY (id);


--
-- Name: main_poll main_poll_pkey; Type: CONSTRAINT; Schema: public; Owner: felicialammerting
--

ALTER TABLE ONLY public.main_poll
    ADD CONSTRAINT main_poll_pkey PRIMARY KEY (id);


--
-- Name: main_polloption main_polloption_pkey; Type: CONSTRAINT; Schema: public; Owner: felicialammerting
--

ALTER TABLE ONLY public.main_polloption
    ADD CONSTRAINT main_polloption_pkey PRIMARY KEY (id);


--
-- Name: main_pollvote main_pollvote_pkey; Type: CONSTRAINT; Schema: public; Owner: felicialammerting
--

ALTER TABLE ONLY public.main_pollvote
    ADD CONSTRAINT main_pollvote_pkey PRIMARY KEY (id);


--
-- Name: main_pollvote main_pollvote_user_id_option_id_0b7ceb73_uniq; Type: CONSTRAINT; Schema: public; Owner: felicialammerting
--

ALTER TABLE ONLY public.main_pollvote
    ADD CONSTRAINT main_pollvote_user_id_option_id_0b7ceb73_uniq UNIQUE (user_id, option_id);


--
-- Name: main_productcategory main_productcategory_pkey; Type: CONSTRAINT; Schema: public; Owner: felicialammerting
--

ALTER TABLE ONLY public.main_productcategory
    ADD CONSTRAINT main_productcategory_pkey PRIMARY KEY (id);


--
-- Name: main_profile main_profile_pkey; Type: CONSTRAINT; Schema: public; Owner: felicialammerting
--

ALTER TABLE ONLY public.main_profile
    ADD CONSTRAINT main_profile_pkey PRIMARY KEY (id);


--
-- Name: main_profile main_profile_user_id_key; Type: CONSTRAINT; Schema: public; Owner: felicialammerting
--

ALTER TABLE ONLY public.main_profile
    ADD CONSTRAINT main_profile_user_id_key UNIQUE (user_id);


--
-- Name: main_question main_question_pkey; Type: CONSTRAINT; Schema: public; Owner: felicialammerting
--

ALTER TABLE ONLY public.main_question
    ADD CONSTRAINT main_question_pkey PRIMARY KEY (id);


--
-- Name: main_questionvote main_questionvote_pkey; Type: CONSTRAINT; Schema: public; Owner: felicialammerting
--

ALTER TABLE ONLY public.main_questionvote
    ADD CONSTRAINT main_questionvote_pkey PRIMARY KEY (id);


--
-- Name: main_questionvote main_questionvote_question_id_user_id_bb387240_uniq; Type: CONSTRAINT; Schema: public; Owner: felicialammerting
--

ALTER TABLE ONLY public.main_questionvote
    ADD CONSTRAINT main_questionvote_question_id_user_id_bb387240_uniq UNIQUE (question_id, user_id);


--
-- Name: main_reaction main_reaction_pkey; Type: CONSTRAINT; Schema: public; Owner: felicialammerting
--

ALTER TABLE ONLY public.main_reaction
    ADD CONSTRAINT main_reaction_pkey PRIMARY KEY (id);


--
-- Name: main_reaction main_reaction_post_id_user_id_reaction_type_36dce65b_uniq; Type: CONSTRAINT; Schema: public; Owner: felicialammerting
--

ALTER TABLE ONLY public.main_reaction
    ADD CONSTRAINT main_reaction_post_id_user_id_reaction_type_36dce65b_uniq UNIQUE (post_id, user_id, reaction_type);


--
-- Name: main_recommendedproduct main_recommendedproduct_pkey; Type: CONSTRAINT; Schema: public; Owner: felicialammerting
--

ALTER TABLE ONLY public.main_recommendedproduct
    ADD CONSTRAINT main_recommendedproduct_pkey PRIMARY KEY (id);


--
-- Name: main_resource main_resource_pkey; Type: CONSTRAINT; Schema: public; Owner: felicialammerting
--

ALTER TABLE ONLY public.main_resource
    ADD CONSTRAINT main_resource_pkey PRIMARY KEY (id);


--
-- Name: main_resourcecategory main_resourcecategory_pkey; Type: CONSTRAINT; Schema: public; Owner: felicialammerting
--

ALTER TABLE ONLY public.main_resourcecategory
    ADD CONSTRAINT main_resourcecategory_pkey PRIMARY KEY (id);


--
-- Name: main_savedcollection main_savedcollection_pkey; Type: CONSTRAINT; Schema: public; Owner: felicialammerting
--

ALTER TABLE ONLY public.main_savedcollection
    ADD CONSTRAINT main_savedcollection_pkey PRIMARY KEY (id);


--
-- Name: main_savedcollection main_savedcollection_user_id_collection_id_05219155_uniq; Type: CONSTRAINT; Schema: public; Owner: felicialammerting
--

ALTER TABLE ONLY public.main_savedcollection
    ADD CONSTRAINT main_savedcollection_user_id_collection_id_05219155_uniq UNIQUE (user_id, collection_id);


--
-- Name: main_savedimage main_savedimage_pkey; Type: CONSTRAINT; Schema: public; Owner: felicialammerting
--

ALTER TABLE ONLY public.main_savedimage
    ADD CONSTRAINT main_savedimage_pkey PRIMARY KEY (id);


--
-- Name: main_savedimage main_savedimage_user_id_image_id_6188d5bc_uniq; Type: CONSTRAINT; Schema: public; Owner: felicialammerting
--

ALTER TABLE ONLY public.main_savedimage
    ADD CONSTRAINT main_savedimage_user_id_image_id_6188d5bc_uniq UNIQUE (user_id, image_id);


--
-- Name: main_savedproduct main_savedproduct_pkey; Type: CONSTRAINT; Schema: public; Owner: felicialammerting
--

ALTER TABLE ONLY public.main_savedproduct
    ADD CONSTRAINT main_savedproduct_pkey PRIMARY KEY (id);


--
-- Name: main_savedproduct main_savedproduct_user_id_product_id_6abe620e_uniq; Type: CONSTRAINT; Schema: public; Owner: felicialammerting
--

ALTER TABLE ONLY public.main_savedproduct
    ADD CONSTRAINT main_savedproduct_user_id_product_id_6abe620e_uniq UNIQUE (user_id, product_id);


--
-- Name: main_savedresource main_savedresource_pkey; Type: CONSTRAINT; Schema: public; Owner: felicialammerting
--

ALTER TABLE ONLY public.main_savedresource
    ADD CONSTRAINT main_savedresource_pkey PRIMARY KEY (id);


--
-- Name: main_savedresource main_savedresource_user_id_resource_id_a9718135_uniq; Type: CONSTRAINT; Schema: public; Owner: felicialammerting
--

ALTER TABLE ONLY public.main_savedresource
    ADD CONSTRAINT main_savedresource_user_id_resource_id_a9718135_uniq UNIQUE (user_id, resource_id);


--
-- Name: main_track main_track_pkey; Type: CONSTRAINT; Schema: public; Owner: felicialammerting
--

ALTER TABLE ONLY public.main_track
    ADD CONSTRAINT main_track_pkey PRIMARY KEY (id);


--
-- Name: main_vote main_vote_pkey; Type: CONSTRAINT; Schema: public; Owner: felicialammerting
--

ALTER TABLE ONLY public.main_vote
    ADD CONSTRAINT main_vote_pkey PRIMARY KEY (id);


--
-- Name: main_vote main_vote_resource_id_user_id_d944161c_uniq; Type: CONSTRAINT; Schema: public; Owner: felicialammerting
--

ALTER TABLE ONLY public.main_vote
    ADD CONSTRAINT main_vote_resource_id_user_id_d944161c_uniq UNIQUE (resource_id, user_id);


--
-- Name: music_communityspotifyplaylist music_communityspotifyplaylist_community_id_key; Type: CONSTRAINT; Schema: public; Owner: felicialammerting
--

ALTER TABLE ONLY public.music_communityspotifyplaylist
    ADD CONSTRAINT music_communityspotifyplaylist_community_id_key UNIQUE (community_id);


--
-- Name: music_communityspotifyplaylist music_communityspotifyplaylist_pkey; Type: CONSTRAINT; Schema: public; Owner: felicialammerting
--

ALTER TABLE ONLY public.music_communityspotifyplaylist
    ADD CONSTRAINT music_communityspotifyplaylist_pkey PRIMARY KEY (id);


--
-- Name: auth_group_name_a6ea08ec_like; Type: INDEX; Schema: public; Owner: felicialammerting
--

CREATE INDEX auth_group_name_a6ea08ec_like ON public.auth_group USING btree (name varchar_pattern_ops);


--
-- Name: auth_group_permissions_group_id_b120cbf9; Type: INDEX; Schema: public; Owner: felicialammerting
--

CREATE INDEX auth_group_permissions_group_id_b120cbf9 ON public.auth_group_permissions USING btree (group_id);


--
-- Name: auth_group_permissions_permission_id_84c5c92e; Type: INDEX; Schema: public; Owner: felicialammerting
--

CREATE INDEX auth_group_permissions_permission_id_84c5c92e ON public.auth_group_permissions USING btree (permission_id);


--
-- Name: auth_permission_content_type_id_2f476e4b; Type: INDEX; Schema: public; Owner: felicialammerting
--

CREATE INDEX auth_permission_content_type_id_2f476e4b ON public.auth_permission USING btree (content_type_id);


--
-- Name: auth_user_groups_group_id_97559544; Type: INDEX; Schema: public; Owner: felicialammerting
--

CREATE INDEX auth_user_groups_group_id_97559544 ON public.auth_user_groups USING btree (group_id);


--
-- Name: auth_user_groups_user_id_6a12ed8b; Type: INDEX; Schema: public; Owner: felicialammerting
--

CREATE INDEX auth_user_groups_user_id_6a12ed8b ON public.auth_user_groups USING btree (user_id);


--
-- Name: auth_user_user_permissions_permission_id_1fbb5f2c; Type: INDEX; Schema: public; Owner: felicialammerting
--

CREATE INDEX auth_user_user_permissions_permission_id_1fbb5f2c ON public.auth_user_user_permissions USING btree (permission_id);


--
-- Name: auth_user_user_permissions_user_id_a95ead1b; Type: INDEX; Schema: public; Owner: felicialammerting
--

CREATE INDEX auth_user_user_permissions_user_id_a95ead1b ON public.auth_user_user_permissions USING btree (user_id);


--
-- Name: auth_user_username_6821ab7c_like; Type: INDEX; Schema: public; Owner: felicialammerting
--

CREATE INDEX auth_user_username_6821ab7c_like ON public.auth_user USING btree (username varchar_pattern_ops);


--
-- Name: authtoken_token_key_10f0b77e_like; Type: INDEX; Schema: public; Owner: felicialammerting
--

CREATE INDEX authtoken_token_key_10f0b77e_like ON public.authtoken_token USING btree (key varchar_pattern_ops);


--
-- Name: django_admin_log_content_type_id_c4bce8eb; Type: INDEX; Schema: public; Owner: felicialammerting
--

CREATE INDEX django_admin_log_content_type_id_c4bce8eb ON public.django_admin_log USING btree (content_type_id);


--
-- Name: django_admin_log_user_id_c564eba6; Type: INDEX; Schema: public; Owner: felicialammerting
--

CREATE INDEX django_admin_log_user_id_c564eba6 ON public.django_admin_log USING btree (user_id);


--
-- Name: django_session_expire_date_a5c62663; Type: INDEX; Schema: public; Owner: felicialammerting
--

CREATE INDEX django_session_expire_date_a5c62663 ON public.django_session USING btree (expire_date);


--
-- Name: django_session_session_key_c0390e0f_like; Type: INDEX; Schema: public; Owner: felicialammerting
--

CREATE INDEX django_session_session_key_c0390e0f_like ON public.django_session USING btree (session_key varchar_pattern_ops);


--
-- Name: main_announcement_community_id_f14c8db6; Type: INDEX; Schema: public; Owner: felicialammerting
--

CREATE INDEX main_announcement_community_id_f14c8db6 ON public.main_announcement USING btree (community_id);


--
-- Name: main_announcement_created_by_id_353393d0; Type: INDEX; Schema: public; Owner: felicialammerting
--

CREATE INDEX main_announcement_created_by_id_353393d0 ON public.main_announcement USING btree (created_by_id);


--
-- Name: main_answer_created_by_id_c92b18a8; Type: INDEX; Schema: public; Owner: felicialammerting
--

CREATE INDEX main_answer_created_by_id_c92b18a8 ON public.main_answer USING btree (created_by_id);


--
-- Name: main_answer_question_id_96405437; Type: INDEX; Schema: public; Owner: felicialammerting
--

CREATE INDEX main_answer_question_id_96405437 ON public.main_answer USING btree (question_id);


--
-- Name: main_answervote_answer_id_33b36e75; Type: INDEX; Schema: public; Owner: felicialammerting
--

CREATE INDEX main_answervote_answer_id_33b36e75 ON public.main_answervote USING btree (answer_id);


--
-- Name: main_answervote_user_id_b222bca8; Type: INDEX; Schema: public; Owner: felicialammerting
--

CREATE INDEX main_answervote_user_id_b222bca8 ON public.main_answervote USING btree (user_id);


--
-- Name: main_community_created_by_id_cf83ce64; Type: INDEX; Schema: public; Owner: felicialammerting
--

CREATE INDEX main_community_created_by_id_cf83ce64 ON public.main_community USING btree (created_by_id);


--
-- Name: main_community_members_community_id_f7c74fe8; Type: INDEX; Schema: public; Owner: felicialammerting
--

CREATE INDEX main_community_members_community_id_f7c74fe8 ON public.main_community_members USING btree (community_id);


--
-- Name: main_community_members_user_id_9ec77bf0; Type: INDEX; Schema: public; Owner: felicialammerting
--

CREATE INDEX main_community_members_user_id_9ec77bf0 ON public.main_community_members USING btree (user_id);


--
-- Name: main_communityview_community_id_08bd69d1; Type: INDEX; Schema: public; Owner: felicialammerting
--

CREATE INDEX main_communityview_community_id_08bd69d1 ON public.main_communityview USING btree (community_id);


--
-- Name: main_communityview_user_id_e63e33b5; Type: INDEX; Schema: public; Owner: felicialammerting
--

CREATE INDEX main_communityview_user_id_e63e33b5 ON public.main_communityview USING btree (user_id);


--
-- Name: main_forumcomment_created_by_id_ba71cb64; Type: INDEX; Schema: public; Owner: felicialammerting
--

CREATE INDEX main_forumcomment_created_by_id_ba71cb64 ON public.main_forumcomment USING btree (created_by_id);


--
-- Name: main_forumcomment_post_id_557e7b21; Type: INDEX; Schema: public; Owner: felicialammerting
--

CREATE INDEX main_forumcomment_post_id_557e7b21 ON public.main_forumcomment USING btree (post_id);


--
-- Name: main_forumpost_community_id_8158e6e2; Type: INDEX; Schema: public; Owner: felicialammerting
--

CREATE INDEX main_forumpost_community_id_8158e6e2 ON public.main_forumpost USING btree (community_id);


--
-- Name: main_forumpost_created_by_id_1213e031; Type: INDEX; Schema: public; Owner: felicialammerting
--

CREATE INDEX main_forumpost_created_by_id_1213e031 ON public.main_forumpost USING btree (created_by_id);


--
-- Name: main_forumpost_likes_forumpost_id_3a787587; Type: INDEX; Schema: public; Owner: felicialammerting
--

CREATE INDEX main_forumpost_likes_forumpost_id_3a787587 ON public.main_forumpost_likes USING btree (forumpost_id);


--
-- Name: main_forumpost_likes_user_id_78fa4097; Type: INDEX; Schema: public; Owner: felicialammerting
--

CREATE INDEX main_forumpost_likes_user_id_78fa4097 ON public.main_forumpost_likes USING btree (user_id);


--
-- Name: main_galleryimage_community_id_fc44966d; Type: INDEX; Schema: public; Owner: felicialammerting
--

CREATE INDEX main_galleryimage_community_id_fc44966d ON public.main_galleryimage USING btree (community_id);


--
-- Name: main_galleryimage_uploaded_by_id_66d41a89; Type: INDEX; Schema: public; Owner: felicialammerting
--

CREATE INDEX main_galleryimage_uploaded_by_id_66d41a89 ON public.main_galleryimage USING btree (uploaded_by_id);


--
-- Name: main_poll_community_id_4d49e1f6; Type: INDEX; Schema: public; Owner: felicialammerting
--

CREATE INDEX main_poll_community_id_4d49e1f6 ON public.main_poll USING btree (community_id);


--
-- Name: main_poll_created_by_id_4a2bcf2c; Type: INDEX; Schema: public; Owner: felicialammerting
--

CREATE INDEX main_poll_created_by_id_4a2bcf2c ON public.main_poll USING btree (created_by_id);


--
-- Name: main_polloption_poll_id_c73608d6; Type: INDEX; Schema: public; Owner: felicialammerting
--

CREATE INDEX main_polloption_poll_id_c73608d6 ON public.main_polloption USING btree (poll_id);


--
-- Name: main_pollvote_option_id_35d7455d; Type: INDEX; Schema: public; Owner: felicialammerting
--

CREATE INDEX main_pollvote_option_id_35d7455d ON public.main_pollvote USING btree (option_id);


--
-- Name: main_pollvote_user_id_e8d8a385; Type: INDEX; Schema: public; Owner: felicialammerting
--

CREATE INDEX main_pollvote_user_id_e8d8a385 ON public.main_pollvote USING btree (user_id);


--
-- Name: main_productcategory_community_id_37fb7ae0; Type: INDEX; Schema: public; Owner: felicialammerting
--

CREATE INDEX main_productcategory_community_id_37fb7ae0 ON public.main_productcategory USING btree (community_id);


--
-- Name: main_productcategory_created_by_id_6c165c33; Type: INDEX; Schema: public; Owner: felicialammerting
--

CREATE INDEX main_productcategory_created_by_id_6c165c33 ON public.main_productcategory USING btree (created_by_id);


--
-- Name: main_question_community_id_11626968; Type: INDEX; Schema: public; Owner: felicialammerting
--

CREATE INDEX main_question_community_id_11626968 ON public.main_question USING btree (community_id);


--
-- Name: main_question_created_by_id_598338fd; Type: INDEX; Schema: public; Owner: felicialammerting
--

CREATE INDEX main_question_created_by_id_598338fd ON public.main_question USING btree (created_by_id);


--
-- Name: main_questionvote_question_id_21b17806; Type: INDEX; Schema: public; Owner: felicialammerting
--

CREATE INDEX main_questionvote_question_id_21b17806 ON public.main_questionvote USING btree (question_id);


--
-- Name: main_questionvote_user_id_b1d83918; Type: INDEX; Schema: public; Owner: felicialammerting
--

CREATE INDEX main_questionvote_user_id_b1d83918 ON public.main_questionvote USING btree (user_id);


--
-- Name: main_reaction_post_id_348b8ee2; Type: INDEX; Schema: public; Owner: felicialammerting
--

CREATE INDEX main_reaction_post_id_348b8ee2 ON public.main_reaction USING btree (post_id);


--
-- Name: main_reaction_user_id_59773e3c; Type: INDEX; Schema: public; Owner: felicialammerting
--

CREATE INDEX main_reaction_user_id_59773e3c ON public.main_reaction USING btree (user_id);


--
-- Name: main_recommendedproduct_community_id_952e8457; Type: INDEX; Schema: public; Owner: felicialammerting
--

CREATE INDEX main_recommendedproduct_community_id_952e8457 ON public.main_recommendedproduct USING btree (community_id);


--
-- Name: main_recommendedproduct_created_by_id_e028ee55; Type: INDEX; Schema: public; Owner: felicialammerting
--

CREATE INDEX main_recommendedproduct_created_by_id_e028ee55 ON public.main_recommendedproduct USING btree (created_by_id);


--
-- Name: main_resource_category_id_b23f7107; Type: INDEX; Schema: public; Owner: felicialammerting
--

CREATE INDEX main_resource_category_id_b23f7107 ON public.main_resource USING btree (category_id);


--
-- Name: main_resource_created_by_id_4aab392f; Type: INDEX; Schema: public; Owner: felicialammerting
--

CREATE INDEX main_resource_created_by_id_4aab392f ON public.main_resource USING btree (created_by_id);


--
-- Name: main_resourcecategory_community_id_2cd29a61; Type: INDEX; Schema: public; Owner: felicialammerting
--

CREATE INDEX main_resourcecategory_community_id_2cd29a61 ON public.main_resourcecategory USING btree (community_id);


--
-- Name: main_resourcecategory_created_by_id_7e72613a; Type: INDEX; Schema: public; Owner: felicialammerting
--

CREATE INDEX main_resourcecategory_created_by_id_7e72613a ON public.main_resourcecategory USING btree (created_by_id);


--
-- Name: main_savedcollection_collection_id_ac777d92; Type: INDEX; Schema: public; Owner: felicialammerting
--

CREATE INDEX main_savedcollection_collection_id_ac777d92 ON public.main_savedcollection USING btree (collection_id);


--
-- Name: main_savedcollection_user_id_a5bc560c; Type: INDEX; Schema: public; Owner: felicialammerting
--

CREATE INDEX main_savedcollection_user_id_a5bc560c ON public.main_savedcollection USING btree (user_id);


--
-- Name: main_savedimage_image_id_6cded32a; Type: INDEX; Schema: public; Owner: felicialammerting
--

CREATE INDEX main_savedimage_image_id_6cded32a ON public.main_savedimage USING btree (image_id);


--
-- Name: main_savedimage_user_id_3b9b7c0a; Type: INDEX; Schema: public; Owner: felicialammerting
--

CREATE INDEX main_savedimage_user_id_3b9b7c0a ON public.main_savedimage USING btree (user_id);


--
-- Name: main_savedproduct_product_id_58dea6d5; Type: INDEX; Schema: public; Owner: felicialammerting
--

CREATE INDEX main_savedproduct_product_id_58dea6d5 ON public.main_savedproduct USING btree (product_id);


--
-- Name: main_savedproduct_user_id_c8ff3795; Type: INDEX; Schema: public; Owner: felicialammerting
--

CREATE INDEX main_savedproduct_user_id_c8ff3795 ON public.main_savedproduct USING btree (user_id);


--
-- Name: main_savedresource_resource_id_cc1e7192; Type: INDEX; Schema: public; Owner: felicialammerting
--

CREATE INDEX main_savedresource_resource_id_cc1e7192 ON public.main_savedresource USING btree (resource_id);


--
-- Name: main_savedresource_user_id_2180032b; Type: INDEX; Schema: public; Owner: felicialammerting
--

CREATE INDEX main_savedresource_user_id_2180032b ON public.main_savedresource USING btree (user_id);


--
-- Name: main_track_community_id_a4e1e291; Type: INDEX; Schema: public; Owner: felicialammerting
--

CREATE INDEX main_track_community_id_a4e1e291 ON public.main_track USING btree (community_id);


--
-- Name: main_track_uploaded_by_id_97a10af4; Type: INDEX; Schema: public; Owner: felicialammerting
--

CREATE INDEX main_track_uploaded_by_id_97a10af4 ON public.main_track USING btree (uploaded_by_id);


--
-- Name: main_vote_resource_id_79a0d481; Type: INDEX; Schema: public; Owner: felicialammerting
--

CREATE INDEX main_vote_resource_id_79a0d481 ON public.main_vote USING btree (resource_id);


--
-- Name: main_vote_user_id_95515d7a; Type: INDEX; Schema: public; Owner: felicialammerting
--

CREATE INDEX main_vote_user_id_95515d7a ON public.main_vote USING btree (user_id);


--
-- Name: music_communityspotifyplaylist_added_by_id_b1fb0eef; Type: INDEX; Schema: public; Owner: felicialammerting
--

CREATE INDEX music_communityspotifyplaylist_added_by_id_b1fb0eef ON public.music_communityspotifyplaylist USING btree (added_by_id);


--
-- Name: auth_group_permissions auth_group_permissio_permission_id_84c5c92e_fk_auth_perm; Type: FK CONSTRAINT; Schema: public; Owner: felicialammerting
--

ALTER TABLE ONLY public.auth_group_permissions
    ADD CONSTRAINT auth_group_permissio_permission_id_84c5c92e_fk_auth_perm FOREIGN KEY (permission_id) REFERENCES public.auth_permission(id) DEFERRABLE INITIALLY DEFERRED;


--
-- Name: auth_group_permissions auth_group_permissions_group_id_b120cbf9_fk_auth_group_id; Type: FK CONSTRAINT; Schema: public; Owner: felicialammerting
--

ALTER TABLE ONLY public.auth_group_permissions
    ADD CONSTRAINT auth_group_permissions_group_id_b120cbf9_fk_auth_group_id FOREIGN KEY (group_id) REFERENCES public.auth_group(id) DEFERRABLE INITIALLY DEFERRED;


--
-- Name: auth_permission auth_permission_content_type_id_2f476e4b_fk_django_co; Type: FK CONSTRAINT; Schema: public; Owner: felicialammerting
--

ALTER TABLE ONLY public.auth_permission
    ADD CONSTRAINT auth_permission_content_type_id_2f476e4b_fk_django_co FOREIGN KEY (content_type_id) REFERENCES public.django_content_type(id) DEFERRABLE INITIALLY DEFERRED;


--
-- Name: auth_user_groups auth_user_groups_group_id_97559544_fk_auth_group_id; Type: FK CONSTRAINT; Schema: public; Owner: felicialammerting
--

ALTER TABLE ONLY public.auth_user_groups
    ADD CONSTRAINT auth_user_groups_group_id_97559544_fk_auth_group_id FOREIGN KEY (group_id) REFERENCES public.auth_group(id) DEFERRABLE INITIALLY DEFERRED;


--
-- Name: auth_user_groups auth_user_groups_user_id_6a12ed8b_fk_auth_user_id; Type: FK CONSTRAINT; Schema: public; Owner: felicialammerting
--

ALTER TABLE ONLY public.auth_user_groups
    ADD CONSTRAINT auth_user_groups_user_id_6a12ed8b_fk_auth_user_id FOREIGN KEY (user_id) REFERENCES public.auth_user(id) DEFERRABLE INITIALLY DEFERRED;


--
-- Name: auth_user_user_permissions auth_user_user_permi_permission_id_1fbb5f2c_fk_auth_perm; Type: FK CONSTRAINT; Schema: public; Owner: felicialammerting
--

ALTER TABLE ONLY public.auth_user_user_permissions
    ADD CONSTRAINT auth_user_user_permi_permission_id_1fbb5f2c_fk_auth_perm FOREIGN KEY (permission_id) REFERENCES public.auth_permission(id) DEFERRABLE INITIALLY DEFERRED;


--
-- Name: auth_user_user_permissions auth_user_user_permissions_user_id_a95ead1b_fk_auth_user_id; Type: FK CONSTRAINT; Schema: public; Owner: felicialammerting
--

ALTER TABLE ONLY public.auth_user_user_permissions
    ADD CONSTRAINT auth_user_user_permissions_user_id_a95ead1b_fk_auth_user_id FOREIGN KEY (user_id) REFERENCES public.auth_user(id) DEFERRABLE INITIALLY DEFERRED;


--
-- Name: authtoken_token authtoken_token_user_id_35299eff_fk_auth_user_id; Type: FK CONSTRAINT; Schema: public; Owner: felicialammerting
--

ALTER TABLE ONLY public.authtoken_token
    ADD CONSTRAINT authtoken_token_user_id_35299eff_fk_auth_user_id FOREIGN KEY (user_id) REFERENCES public.auth_user(id) DEFERRABLE INITIALLY DEFERRED;


--
-- Name: django_admin_log django_admin_log_content_type_id_c4bce8eb_fk_django_co; Type: FK CONSTRAINT; Schema: public; Owner: felicialammerting
--

ALTER TABLE ONLY public.django_admin_log
    ADD CONSTRAINT django_admin_log_content_type_id_c4bce8eb_fk_django_co FOREIGN KEY (content_type_id) REFERENCES public.django_content_type(id) DEFERRABLE INITIALLY DEFERRED;


--
-- Name: django_admin_log django_admin_log_user_id_c564eba6_fk_auth_user_id; Type: FK CONSTRAINT; Schema: public; Owner: felicialammerting
--

ALTER TABLE ONLY public.django_admin_log
    ADD CONSTRAINT django_admin_log_user_id_c564eba6_fk_auth_user_id FOREIGN KEY (user_id) REFERENCES public.auth_user(id) DEFERRABLE INITIALLY DEFERRED;


--
-- Name: main_announcement main_announcement_community_id_f14c8db6_fk_main_community_id; Type: FK CONSTRAINT; Schema: public; Owner: felicialammerting
--

ALTER TABLE ONLY public.main_announcement
    ADD CONSTRAINT main_announcement_community_id_f14c8db6_fk_main_community_id FOREIGN KEY (community_id) REFERENCES public.main_community(id) DEFERRABLE INITIALLY DEFERRED;


--
-- Name: main_announcement main_announcement_created_by_id_353393d0_fk_auth_user_id; Type: FK CONSTRAINT; Schema: public; Owner: felicialammerting
--

ALTER TABLE ONLY public.main_announcement
    ADD CONSTRAINT main_announcement_created_by_id_353393d0_fk_auth_user_id FOREIGN KEY (created_by_id) REFERENCES public.auth_user(id) DEFERRABLE INITIALLY DEFERRED;


--
-- Name: main_answer main_answer_created_by_id_c92b18a8_fk_auth_user_id; Type: FK CONSTRAINT; Schema: public; Owner: felicialammerting
--

ALTER TABLE ONLY public.main_answer
    ADD CONSTRAINT main_answer_created_by_id_c92b18a8_fk_auth_user_id FOREIGN KEY (created_by_id) REFERENCES public.auth_user(id) DEFERRABLE INITIALLY DEFERRED;


--
-- Name: main_answer main_answer_question_id_96405437_fk_main_question_id; Type: FK CONSTRAINT; Schema: public; Owner: felicialammerting
--

ALTER TABLE ONLY public.main_answer
    ADD CONSTRAINT main_answer_question_id_96405437_fk_main_question_id FOREIGN KEY (question_id) REFERENCES public.main_question(id) DEFERRABLE INITIALLY DEFERRED;


--
-- Name: main_answervote main_answervote_answer_id_33b36e75_fk_main_answer_id; Type: FK CONSTRAINT; Schema: public; Owner: felicialammerting
--

ALTER TABLE ONLY public.main_answervote
    ADD CONSTRAINT main_answervote_answer_id_33b36e75_fk_main_answer_id FOREIGN KEY (answer_id) REFERENCES public.main_answer(id) DEFERRABLE INITIALLY DEFERRED;


--
-- Name: main_answervote main_answervote_user_id_b222bca8_fk_auth_user_id; Type: FK CONSTRAINT; Schema: public; Owner: felicialammerting
--

ALTER TABLE ONLY public.main_answervote
    ADD CONSTRAINT main_answervote_user_id_b222bca8_fk_auth_user_id FOREIGN KEY (user_id) REFERENCES public.auth_user(id) DEFERRABLE INITIALLY DEFERRED;


--
-- Name: main_community main_community_created_by_id_cf83ce64_fk_auth_user_id; Type: FK CONSTRAINT; Schema: public; Owner: felicialammerting
--

ALTER TABLE ONLY public.main_community
    ADD CONSTRAINT main_community_created_by_id_cf83ce64_fk_auth_user_id FOREIGN KEY (created_by_id) REFERENCES public.auth_user(id) DEFERRABLE INITIALLY DEFERRED;


--
-- Name: main_community_members main_community_membe_community_id_f7c74fe8_fk_main_comm; Type: FK CONSTRAINT; Schema: public; Owner: felicialammerting
--

ALTER TABLE ONLY public.main_community_members
    ADD CONSTRAINT main_community_membe_community_id_f7c74fe8_fk_main_comm FOREIGN KEY (community_id) REFERENCES public.main_community(id) DEFERRABLE INITIALLY DEFERRED;


--
-- Name: main_community_members main_community_members_user_id_9ec77bf0_fk_auth_user_id; Type: FK CONSTRAINT; Schema: public; Owner: felicialammerting
--

ALTER TABLE ONLY public.main_community_members
    ADD CONSTRAINT main_community_members_user_id_9ec77bf0_fk_auth_user_id FOREIGN KEY (user_id) REFERENCES public.auth_user(id) DEFERRABLE INITIALLY DEFERRED;


--
-- Name: main_communityview main_communityview_community_id_08bd69d1_fk_main_community_id; Type: FK CONSTRAINT; Schema: public; Owner: felicialammerting
--

ALTER TABLE ONLY public.main_communityview
    ADD CONSTRAINT main_communityview_community_id_08bd69d1_fk_main_community_id FOREIGN KEY (community_id) REFERENCES public.main_community(id) DEFERRABLE INITIALLY DEFERRED;


--
-- Name: main_communityview main_communityview_user_id_e63e33b5_fk_auth_user_id; Type: FK CONSTRAINT; Schema: public; Owner: felicialammerting
--

ALTER TABLE ONLY public.main_communityview
    ADD CONSTRAINT main_communityview_user_id_e63e33b5_fk_auth_user_id FOREIGN KEY (user_id) REFERENCES public.auth_user(id) DEFERRABLE INITIALLY DEFERRED;


--
-- Name: main_forumcomment main_forumcomment_created_by_id_ba71cb64_fk_auth_user_id; Type: FK CONSTRAINT; Schema: public; Owner: felicialammerting
--

ALTER TABLE ONLY public.main_forumcomment
    ADD CONSTRAINT main_forumcomment_created_by_id_ba71cb64_fk_auth_user_id FOREIGN KEY (created_by_id) REFERENCES public.auth_user(id) DEFERRABLE INITIALLY DEFERRED;


--
-- Name: main_forumcomment main_forumcomment_post_id_557e7b21_fk_main_forumpost_id; Type: FK CONSTRAINT; Schema: public; Owner: felicialammerting
--

ALTER TABLE ONLY public.main_forumcomment
    ADD CONSTRAINT main_forumcomment_post_id_557e7b21_fk_main_forumpost_id FOREIGN KEY (post_id) REFERENCES public.main_forumpost(id) DEFERRABLE INITIALLY DEFERRED;


--
-- Name: main_forumpost main_forumpost_community_id_8158e6e2_fk_main_community_id; Type: FK CONSTRAINT; Schema: public; Owner: felicialammerting
--

ALTER TABLE ONLY public.main_forumpost
    ADD CONSTRAINT main_forumpost_community_id_8158e6e2_fk_main_community_id FOREIGN KEY (community_id) REFERENCES public.main_community(id) DEFERRABLE INITIALLY DEFERRED;


--
-- Name: main_forumpost main_forumpost_created_by_id_1213e031_fk_auth_user_id; Type: FK CONSTRAINT; Schema: public; Owner: felicialammerting
--

ALTER TABLE ONLY public.main_forumpost
    ADD CONSTRAINT main_forumpost_created_by_id_1213e031_fk_auth_user_id FOREIGN KEY (created_by_id) REFERENCES public.auth_user(id) DEFERRABLE INITIALLY DEFERRED;


--
-- Name: main_forumpost_likes main_forumpost_likes_forumpost_id_3a787587_fk_main_forumpost_id; Type: FK CONSTRAINT; Schema: public; Owner: felicialammerting
--

ALTER TABLE ONLY public.main_forumpost_likes
    ADD CONSTRAINT main_forumpost_likes_forumpost_id_3a787587_fk_main_forumpost_id FOREIGN KEY (forumpost_id) REFERENCES public.main_forumpost(id) DEFERRABLE INITIALLY DEFERRED;


--
-- Name: main_forumpost_likes main_forumpost_likes_user_id_78fa4097_fk_auth_user_id; Type: FK CONSTRAINT; Schema: public; Owner: felicialammerting
--

ALTER TABLE ONLY public.main_forumpost_likes
    ADD CONSTRAINT main_forumpost_likes_user_id_78fa4097_fk_auth_user_id FOREIGN KEY (user_id) REFERENCES public.auth_user(id) DEFERRABLE INITIALLY DEFERRED;


--
-- Name: main_galleryimage main_galleryimage_community_id_fc44966d_fk_main_community_id; Type: FK CONSTRAINT; Schema: public; Owner: felicialammerting
--

ALTER TABLE ONLY public.main_galleryimage
    ADD CONSTRAINT main_galleryimage_community_id_fc44966d_fk_main_community_id FOREIGN KEY (community_id) REFERENCES public.main_community(id) DEFERRABLE INITIALLY DEFERRED;


--
-- Name: main_galleryimage main_galleryimage_uploaded_by_id_66d41a89_fk_auth_user_id; Type: FK CONSTRAINT; Schema: public; Owner: felicialammerting
--

ALTER TABLE ONLY public.main_galleryimage
    ADD CONSTRAINT main_galleryimage_uploaded_by_id_66d41a89_fk_auth_user_id FOREIGN KEY (uploaded_by_id) REFERENCES public.auth_user(id) DEFERRABLE INITIALLY DEFERRED;


--
-- Name: main_poll main_poll_community_id_4d49e1f6_fk_main_community_id; Type: FK CONSTRAINT; Schema: public; Owner: felicialammerting
--

ALTER TABLE ONLY public.main_poll
    ADD CONSTRAINT main_poll_community_id_4d49e1f6_fk_main_community_id FOREIGN KEY (community_id) REFERENCES public.main_community(id) DEFERRABLE INITIALLY DEFERRED;


--
-- Name: main_poll main_poll_created_by_id_4a2bcf2c_fk_auth_user_id; Type: FK CONSTRAINT; Schema: public; Owner: felicialammerting
--

ALTER TABLE ONLY public.main_poll
    ADD CONSTRAINT main_poll_created_by_id_4a2bcf2c_fk_auth_user_id FOREIGN KEY (created_by_id) REFERENCES public.auth_user(id) DEFERRABLE INITIALLY DEFERRED;


--
-- Name: main_polloption main_polloption_poll_id_c73608d6_fk_main_poll_id; Type: FK CONSTRAINT; Schema: public; Owner: felicialammerting
--

ALTER TABLE ONLY public.main_polloption
    ADD CONSTRAINT main_polloption_poll_id_c73608d6_fk_main_poll_id FOREIGN KEY (poll_id) REFERENCES public.main_poll(id) DEFERRABLE INITIALLY DEFERRED;


--
-- Name: main_pollvote main_pollvote_option_id_35d7455d_fk_main_polloption_id; Type: FK CONSTRAINT; Schema: public; Owner: felicialammerting
--

ALTER TABLE ONLY public.main_pollvote
    ADD CONSTRAINT main_pollvote_option_id_35d7455d_fk_main_polloption_id FOREIGN KEY (option_id) REFERENCES public.main_polloption(id) DEFERRABLE INITIALLY DEFERRED;


--
-- Name: main_pollvote main_pollvote_user_id_e8d8a385_fk_auth_user_id; Type: FK CONSTRAINT; Schema: public; Owner: felicialammerting
--

ALTER TABLE ONLY public.main_pollvote
    ADD CONSTRAINT main_pollvote_user_id_e8d8a385_fk_auth_user_id FOREIGN KEY (user_id) REFERENCES public.auth_user(id) DEFERRABLE INITIALLY DEFERRED;


--
-- Name: main_productcategory main_productcategory_community_id_37fb7ae0_fk_main_community_id; Type: FK CONSTRAINT; Schema: public; Owner: felicialammerting
--

ALTER TABLE ONLY public.main_productcategory
    ADD CONSTRAINT main_productcategory_community_id_37fb7ae0_fk_main_community_id FOREIGN KEY (community_id) REFERENCES public.main_community(id) DEFERRABLE INITIALLY DEFERRED;


--
-- Name: main_productcategory main_productcategory_created_by_id_6c165c33_fk_auth_user_id; Type: FK CONSTRAINT; Schema: public; Owner: felicialammerting
--

ALTER TABLE ONLY public.main_productcategory
    ADD CONSTRAINT main_productcategory_created_by_id_6c165c33_fk_auth_user_id FOREIGN KEY (created_by_id) REFERENCES public.auth_user(id) DEFERRABLE INITIALLY DEFERRED;


--
-- Name: main_profile main_profile_user_id_b40d720a_fk_auth_user_id; Type: FK CONSTRAINT; Schema: public; Owner: felicialammerting
--

ALTER TABLE ONLY public.main_profile
    ADD CONSTRAINT main_profile_user_id_b40d720a_fk_auth_user_id FOREIGN KEY (user_id) REFERENCES public.auth_user(id) DEFERRABLE INITIALLY DEFERRED;


--
-- Name: main_question main_question_community_id_11626968_fk_main_community_id; Type: FK CONSTRAINT; Schema: public; Owner: felicialammerting
--

ALTER TABLE ONLY public.main_question
    ADD CONSTRAINT main_question_community_id_11626968_fk_main_community_id FOREIGN KEY (community_id) REFERENCES public.main_community(id) DEFERRABLE INITIALLY DEFERRED;


--
-- Name: main_question main_question_created_by_id_598338fd_fk_auth_user_id; Type: FK CONSTRAINT; Schema: public; Owner: felicialammerting
--

ALTER TABLE ONLY public.main_question
    ADD CONSTRAINT main_question_created_by_id_598338fd_fk_auth_user_id FOREIGN KEY (created_by_id) REFERENCES public.auth_user(id) DEFERRABLE INITIALLY DEFERRED;


--
-- Name: main_questionvote main_questionvote_question_id_21b17806_fk_main_question_id; Type: FK CONSTRAINT; Schema: public; Owner: felicialammerting
--

ALTER TABLE ONLY public.main_questionvote
    ADD CONSTRAINT main_questionvote_question_id_21b17806_fk_main_question_id FOREIGN KEY (question_id) REFERENCES public.main_question(id) DEFERRABLE INITIALLY DEFERRED;


--
-- Name: main_questionvote main_questionvote_user_id_b1d83918_fk_auth_user_id; Type: FK CONSTRAINT; Schema: public; Owner: felicialammerting
--

ALTER TABLE ONLY public.main_questionvote
    ADD CONSTRAINT main_questionvote_user_id_b1d83918_fk_auth_user_id FOREIGN KEY (user_id) REFERENCES public.auth_user(id) DEFERRABLE INITIALLY DEFERRED;


--
-- Name: main_reaction main_reaction_post_id_348b8ee2_fk_main_forumpost_id; Type: FK CONSTRAINT; Schema: public; Owner: felicialammerting
--

ALTER TABLE ONLY public.main_reaction
    ADD CONSTRAINT main_reaction_post_id_348b8ee2_fk_main_forumpost_id FOREIGN KEY (post_id) REFERENCES public.main_forumpost(id) DEFERRABLE INITIALLY DEFERRED;


--
-- Name: main_reaction main_reaction_user_id_59773e3c_fk_auth_user_id; Type: FK CONSTRAINT; Schema: public; Owner: felicialammerting
--

ALTER TABLE ONLY public.main_reaction
    ADD CONSTRAINT main_reaction_user_id_59773e3c_fk_auth_user_id FOREIGN KEY (user_id) REFERENCES public.auth_user(id) DEFERRABLE INITIALLY DEFERRED;


--
-- Name: main_recommendedproduct main_recommendedprod_community_id_952e8457_fk_main_comm; Type: FK CONSTRAINT; Schema: public; Owner: felicialammerting
--

ALTER TABLE ONLY public.main_recommendedproduct
    ADD CONSTRAINT main_recommendedprod_community_id_952e8457_fk_main_comm FOREIGN KEY (community_id) REFERENCES public.main_community(id) DEFERRABLE INITIALLY DEFERRED;


--
-- Name: main_recommendedproduct main_recommendedproduct_created_by_id_e028ee55_fk_auth_user_id; Type: FK CONSTRAINT; Schema: public; Owner: felicialammerting
--

ALTER TABLE ONLY public.main_recommendedproduct
    ADD CONSTRAINT main_recommendedproduct_created_by_id_e028ee55_fk_auth_user_id FOREIGN KEY (created_by_id) REFERENCES public.auth_user(id) DEFERRABLE INITIALLY DEFERRED;


--
-- Name: main_resource main_resource_category_id_b23f7107_fk_main_resourcecategory_id; Type: FK CONSTRAINT; Schema: public; Owner: felicialammerting
--

ALTER TABLE ONLY public.main_resource
    ADD CONSTRAINT main_resource_category_id_b23f7107_fk_main_resourcecategory_id FOREIGN KEY (category_id) REFERENCES public.main_resourcecategory(id) DEFERRABLE INITIALLY DEFERRED;


--
-- Name: main_resource main_resource_created_by_id_4aab392f_fk_auth_user_id; Type: FK CONSTRAINT; Schema: public; Owner: felicialammerting
--

ALTER TABLE ONLY public.main_resource
    ADD CONSTRAINT main_resource_created_by_id_4aab392f_fk_auth_user_id FOREIGN KEY (created_by_id) REFERENCES public.auth_user(id) DEFERRABLE INITIALLY DEFERRED;


--
-- Name: main_resourcecategory main_resourcecategor_community_id_2cd29a61_fk_main_comm; Type: FK CONSTRAINT; Schema: public; Owner: felicialammerting
--

ALTER TABLE ONLY public.main_resourcecategory
    ADD CONSTRAINT main_resourcecategor_community_id_2cd29a61_fk_main_comm FOREIGN KEY (community_id) REFERENCES public.main_community(id) DEFERRABLE INITIALLY DEFERRED;


--
-- Name: main_resourcecategory main_resourcecategory_created_by_id_7e72613a_fk_auth_user_id; Type: FK CONSTRAINT; Schema: public; Owner: felicialammerting
--

ALTER TABLE ONLY public.main_resourcecategory
    ADD CONSTRAINT main_resourcecategory_created_by_id_7e72613a_fk_auth_user_id FOREIGN KEY (created_by_id) REFERENCES public.auth_user(id) DEFERRABLE INITIALLY DEFERRED;


--
-- Name: main_savedcollection main_savedcollection_collection_id_ac777d92_fk_main_reso; Type: FK CONSTRAINT; Schema: public; Owner: felicialammerting
--

ALTER TABLE ONLY public.main_savedcollection
    ADD CONSTRAINT main_savedcollection_collection_id_ac777d92_fk_main_reso FOREIGN KEY (collection_id) REFERENCES public.main_resourcecategory(id) DEFERRABLE INITIALLY DEFERRED;


--
-- Name: main_savedcollection main_savedcollection_user_id_a5bc560c_fk_auth_user_id; Type: FK CONSTRAINT; Schema: public; Owner: felicialammerting
--

ALTER TABLE ONLY public.main_savedcollection
    ADD CONSTRAINT main_savedcollection_user_id_a5bc560c_fk_auth_user_id FOREIGN KEY (user_id) REFERENCES public.auth_user(id) DEFERRABLE INITIALLY DEFERRED;


--
-- Name: main_savedimage main_savedimage_image_id_6cded32a_fk_main_galleryimage_id; Type: FK CONSTRAINT; Schema: public; Owner: felicialammerting
--

ALTER TABLE ONLY public.main_savedimage
    ADD CONSTRAINT main_savedimage_image_id_6cded32a_fk_main_galleryimage_id FOREIGN KEY (image_id) REFERENCES public.main_galleryimage(id) DEFERRABLE INITIALLY DEFERRED;


--
-- Name: main_savedimage main_savedimage_user_id_3b9b7c0a_fk_auth_user_id; Type: FK CONSTRAINT; Schema: public; Owner: felicialammerting
--

ALTER TABLE ONLY public.main_savedimage
    ADD CONSTRAINT main_savedimage_user_id_3b9b7c0a_fk_auth_user_id FOREIGN KEY (user_id) REFERENCES public.auth_user(id) DEFERRABLE INITIALLY DEFERRED;


--
-- Name: main_savedproduct main_savedproduct_product_id_58dea6d5_fk_main_reco; Type: FK CONSTRAINT; Schema: public; Owner: felicialammerting
--

ALTER TABLE ONLY public.main_savedproduct
    ADD CONSTRAINT main_savedproduct_product_id_58dea6d5_fk_main_reco FOREIGN KEY (product_id) REFERENCES public.main_recommendedproduct(id) DEFERRABLE INITIALLY DEFERRED;


--
-- Name: main_savedproduct main_savedproduct_user_id_c8ff3795_fk_auth_user_id; Type: FK CONSTRAINT; Schema: public; Owner: felicialammerting
--

ALTER TABLE ONLY public.main_savedproduct
    ADD CONSTRAINT main_savedproduct_user_id_c8ff3795_fk_auth_user_id FOREIGN KEY (user_id) REFERENCES public.auth_user(id) DEFERRABLE INITIALLY DEFERRED;


--
-- Name: main_savedresource main_savedresource_resource_id_cc1e7192_fk_main_resource_id; Type: FK CONSTRAINT; Schema: public; Owner: felicialammerting
--

ALTER TABLE ONLY public.main_savedresource
    ADD CONSTRAINT main_savedresource_resource_id_cc1e7192_fk_main_resource_id FOREIGN KEY (resource_id) REFERENCES public.main_resource(id) DEFERRABLE INITIALLY DEFERRED;


--
-- Name: main_savedresource main_savedresource_user_id_2180032b_fk_auth_user_id; Type: FK CONSTRAINT; Schema: public; Owner: felicialammerting
--

ALTER TABLE ONLY public.main_savedresource
    ADD CONSTRAINT main_savedresource_user_id_2180032b_fk_auth_user_id FOREIGN KEY (user_id) REFERENCES public.auth_user(id) DEFERRABLE INITIALLY DEFERRED;


--
-- Name: main_track main_track_community_id_a4e1e291_fk_main_community_id; Type: FK CONSTRAINT; Schema: public; Owner: felicialammerting
--

ALTER TABLE ONLY public.main_track
    ADD CONSTRAINT main_track_community_id_a4e1e291_fk_main_community_id FOREIGN KEY (community_id) REFERENCES public.main_community(id) DEFERRABLE INITIALLY DEFERRED;


--
-- Name: main_track main_track_uploaded_by_id_97a10af4_fk_auth_user_id; Type: FK CONSTRAINT; Schema: public; Owner: felicialammerting
--

ALTER TABLE ONLY public.main_track
    ADD CONSTRAINT main_track_uploaded_by_id_97a10af4_fk_auth_user_id FOREIGN KEY (uploaded_by_id) REFERENCES public.auth_user(id) DEFERRABLE INITIALLY DEFERRED;


--
-- Name: main_vote main_vote_resource_id_79a0d481_fk_main_resource_id; Type: FK CONSTRAINT; Schema: public; Owner: felicialammerting
--

ALTER TABLE ONLY public.main_vote
    ADD CONSTRAINT main_vote_resource_id_79a0d481_fk_main_resource_id FOREIGN KEY (resource_id) REFERENCES public.main_resource(id) DEFERRABLE INITIALLY DEFERRED;


--
-- Name: main_vote main_vote_user_id_95515d7a_fk_auth_user_id; Type: FK CONSTRAINT; Schema: public; Owner: felicialammerting
--

ALTER TABLE ONLY public.main_vote
    ADD CONSTRAINT main_vote_user_id_95515d7a_fk_auth_user_id FOREIGN KEY (user_id) REFERENCES public.auth_user(id) DEFERRABLE INITIALLY DEFERRED;


--
-- Name: music_communityspotifyplaylist music_communityspoti_added_by_id_b1fb0eef_fk_auth_user; Type: FK CONSTRAINT; Schema: public; Owner: felicialammerting
--

ALTER TABLE ONLY public.music_communityspotifyplaylist
    ADD CONSTRAINT music_communityspoti_added_by_id_b1fb0eef_fk_auth_user FOREIGN KEY (added_by_id) REFERENCES public.auth_user(id) DEFERRABLE INITIALLY DEFERRED;


--
-- Name: music_communityspotifyplaylist music_communityspoti_community_id_b3ab2105_fk_main_comm; Type: FK CONSTRAINT; Schema: public; Owner: felicialammerting
--

ALTER TABLE ONLY public.music_communityspotifyplaylist
    ADD CONSTRAINT music_communityspoti_community_id_b3ab2105_fk_main_comm FOREIGN KEY (community_id) REFERENCES public.main_community(id) DEFERRABLE INITIALLY DEFERRED;


--
-- PostgreSQL database dump complete
--

